图号,中文图题,PDF,PNG,SVG,数据源,绘图数据,解释,PDF_SHA256,本论文选用,Overleaf路径
F001,第一问：调度中心与单点往返航线,figures/F001.pdf,figures/F001.png,figures/F001.svg,data/cleaned/geospatial/dem_clean.tif;data/cleaned/model_inputs.json;results/q1/route_geometry.csv,plot_data/F001.json,当前主方案的诊断视图；不另算一次独立实验,37dca23eebc46e3c4b3a9fb58f76b9d519ff4510696c4cca117f040546cab4be,否,figures/F001.pdf
F002,原始全分辨率地形与任务节点,figures/F002.pdf,figures/F002.png,figures/F002.svg,data/cleaned/geospatial/dem_clean.tif;data/cleaned/model_inputs.json,plot_data/F002.json,当前主方案的诊断视图；不另算一次独立实验,b8659d0fcd4170a44725f3c78e7d5b72399e8fe7249cfdda9dd9b3cccbc329e8,是,figures/F002.pdf
F003,第一问：各机型连续最大安全载荷,figures/F003.pdf,figures/F003.png,figures/F003.svg,results/q1/max_safe_payload_matrix.csv,plot_data/F003.json,当前主方案的诊断视图；不另算一次独立实验,b090350d3261ca2f6c94e3f225397c9b8efcd48ce2f1095344f5ece44470c24d,否,figures/F003.pdf
F004,第一问：各服务区最少往返架次数,figures/F004.pdf,figures/F004.png,figures/F004.svg,results/q1/service_summary.csv,plot_data/F004.json,当前主方案的诊断视图；柱高由源表聚合,1cd5b87307d4e81a7b33a7f7c7c2d85840e28f3948b4e0af9fd0b95d35f226ec,否,figures/F004.pdf
F005,第一问：逐架次往返能耗分解,figures/F005.pdf,figures/F005.png,figures/F005.svg,results/q1/batches_NET.csv,plot_data/F005.json,当前主方案的诊断视图；不另算一次独立实验,f9cde48a06cbecf889c0c666aec28a642eac1c64b6384b86aad5027da6f02b0e,否,figures/F005.pdf
F006,第一问：每一架次返航电量核验,figures/F006.pdf,figures/F006.png,figures/F006.svg,results/q1/batches_NET.csv,plot_data/F006.json,当前主方案的诊断视图；不另算一次独立实验,fb16424e0312df196d28741340f3795cfb45618a1137ee44d7e3b9c6f82d6db6,否,figures/F006.pdf
F007,第一问：安全余量下的架次数与可行边界,figures/F007.pdf,figures/F007.png,figures/F007.svg,results/q1/reserve_sensitivity.csv;results/q1/summary.json,plot_data/F007.json,各档重新优化；主图仅绘制可行档的整数架次数；状态带显示解析可行边界，不可行档不记为0；上图仅绘制离散重优化档位，不对档位之间作线性插值；下方状态带给出解析可行边界。,0014056d50d7cedfcecd43cce63fed4fba284f5ff532d65bac5e241a5f6e5d81,是,figures/F007.pdf
F008,第一问：提高返航余量后的总能耗,figures/F008.pdf,figures/F008.png,figures/F008.svg,results/q1/reserve_sensitivity.csv,plot_data/F008.json,各档重新优化；仅绘制全箱可交付档，不可行档详见源表，不能视为0,446031e3577e32bf71e140921e13dec9989bd51224bdce35e65ece2b93a8a3da,否,figures/F008.pdf
F009,第一问：S008安全载荷对余量要求的响应,figures/F009.pdf,figures/F009.png,figures/F009.svg,results/q1/capacity_sensitivity.csv,plot_data/F009.json,当前主方案的诊断视图；不另算一次独立实验,99bcb2aec05adb8fda310c07ca842f1d0cdda94076ba2ead2f318788d39bf42b,否,figures/F009.pdf
F010,第一问：整数架次数下的最小能耗权衡,figures/F010.pdf,figures/F010.png,figures/F010.svg,results/q1/flight_energy_frontier.csv,plot_data/F010.json,包含18至80架次的全部整数精确解；主轴放大18至25架次；只有18和19架次是本数据二维非支配点，非三目标全部帕累托前沿；主轴显示18–25架次，右侧保留18–80架次全部整数解，不删除被支配点。,ed9501ff690be6e7c9b0f33d709cc88b3ba1cf5ce57a1c837f5ab983bd586ffd,是,figures/F010.pdf
F011,数据核查：题定节点海拔与DEM像元差异,figures/F011.pdf,figures/F011.png,figures/F011.svg,results/quality/node_dem_comparison.csv,plot_data/F011.json,当前主方案的诊断视图；柱高由源表聚合,e48052c92b55dca1332f79f94ee7c02ceb1b19ac0dd6d2c5974030a6b7d5ef73,否,figures/F011.pdf
F012,数据核查：全部货箱按服务区分布,figures/F012.pdf,figures/F012.png,figures/F012.svg,data/cleaned/boxes.csv;results/q1/service_summary.csv,plot_data/F012.json,当前主方案的诊断视图；柱高由源表聚合,9adb8dc64f404bd7a95a1ef26b663a4facba067cb2630527514172103a4f8b32,是,figures/F012.pdf
F013,第一问：O01至S001沿线地形与净空,figures/F013.pdf,figures/F013.png,figures/F013.svg,results/q1/route_dem_cells.csv;results/q1/route_geometry.csv,plot_data/F013.json,当前主方案的诊断视图；不另算一次独立实验；阶梯保留像元峰值，不平滑地形。,0ba5a4ddc044cbc082d07ebd0ab56b810377ca1cb03a6cedb95f039010e0ea69,否,figures/F013.pdf
F014,第一问：S001载荷—能量可行边界,figures/F014.pdf,figures/F014.png,figures/F014.svg,results/closure/energy_curves_S001.csv,plot_data/F014.json,基于明确能耗假设的确定性曲线，不是额外现场实验,f79ff35cd9711bbf38b9b93da41edf77c43101731b5c8354b34b57fc4ee8de21,否,figures/F014.pdf
F015,第一问：O01至S002沿线地形与净空,figures/F015.pdf,figures/F015.png,figures/F015.svg,results/q1/route_dem_cells.csv;results/q1/route_geometry.csv,plot_data/F015.json,当前主方案的诊断视图；不另算一次独立实验；阶梯保留像元峰值，不平滑地形。,55e26cca165b6ff23cf38bd0cfde0f9262ea0555d40b7df0b60cd399dca773d6,否,figures/F015.pdf
F016,第一问：S002载荷—能量可行边界,figures/F016.pdf,figures/F016.png,figures/F016.svg,results/closure/energy_curves_S002.csv,plot_data/F016.json,基于明确能耗假设的确定性曲线，不是额外现场实验,34b35e7d2a9feed45b00bd1ec86566c90aa6aaada2de6b68264cc249ac2f4606,否,figures/F016.pdf
F017,第一问：O01至S003沿线地形与净空,figures/F017.pdf,figures/F017.png,figures/F017.svg,results/q1/route_dem_cells.csv;results/q1/route_geometry.csv,plot_data/F017.json,当前主方案的诊断视图；不另算一次独立实验；阶梯保留像元峰值，不平滑地形。,f90e0780ba6c62746b80d0ee52ee9180112000230b0dad5a6634220a243db89d,否,figures/F017.pdf
F018,第一问：S003载荷—能量可行边界,figures/F018.pdf,figures/F018.png,figures/F018.svg,results/closure/energy_curves_S003.csv,plot_data/F018.json,基于明确能耗假设的确定性曲线，不是额外现场实验,35809c4436697f2567f21b1ee010213496956e0fcec11695b3de444e892e8af7,否,figures/F018.pdf
F019,第一问：O01至S004沿线地形与净空,figures/F019.pdf,figures/F019.png,figures/F019.svg,results/q1/route_dem_cells.csv;results/q1/route_geometry.csv,plot_data/F019.json,当前主方案的诊断视图；不另算一次独立实验；阶梯保留像元峰值，不平滑地形。,9effcf3cd6b4985ee0780543173033271e2aa5adf7a5a2b675b5f73351439ae9,否,figures/F019.pdf
F020,第一问：S004载荷—能量可行边界,figures/F020.pdf,figures/F020.png,figures/F020.svg,results/closure/energy_curves_S004.csv,plot_data/F020.json,基于明确能耗假设的确定性曲线，不是额外现场实验,3e6104e25bce49b0ba5d91fc06492e5b096adad10b1faa1260313aa89fedd79e,否,figures/F020.pdf
F021,第一问：O01至S005沿线地形与净空,figures/F021.pdf,figures/F021.png,figures/F021.svg,results/q1/route_dem_cells.csv;results/q1/route_geometry.csv,plot_data/F021.json,当前主方案的诊断视图；不另算一次独立实验；阶梯保留像元峰值，不平滑地形。,dfbd0f7ef214b5bb9635ff072c86ab4ddb9130fe500addaf7d5b0f6e9482879a,否,figures/F021.pdf
F022,第一问：S005载荷—能量可行边界,figures/F022.pdf,figures/F022.png,figures/F022.svg,results/closure/energy_curves_S005.csv,plot_data/F022.json,基于明确能耗假设的确定性曲线，不是额外现场实验,176d6889bdaabc410f1382b1a1d2ba583f81e13dff157aacd21e30df9606c681,否,figures/F022.pdf
F023,第一问：O01至S006沿线地形与净空,figures/F023.pdf,figures/F023.png,figures/F023.svg,results/q1/route_dem_cells.csv;results/q1/route_geometry.csv,plot_data/F023.json,当前主方案的诊断视图；不另算一次独立实验；阶梯保留像元峰值，不平滑地形。,cf318ac428955c80516a2cbfcc93d32b323ef30e1e68d73749e67a5c7f83e31c,否,figures/F023.pdf
F024,第一问：S006载荷—能量可行边界,figures/F024.pdf,figures/F024.png,figures/F024.svg,results/closure/energy_curves_S006.csv,plot_data/F024.json,基于明确能耗假设的确定性曲线，不是额外现场实验,0ca588d024daa25a136b33099514401b84331bb765a96e32c73a0c6767503c7e,否,figures/F024.pdf
F025,第一问：O01至S007沿线地形与净空,figures/F025.pdf,figures/F025.png,figures/F025.svg,results/q1/route_dem_cells.csv;results/q1/route_geometry.csv,plot_data/F025.json,当前主方案的诊断视图；不另算一次独立实验；阶梯保留像元峰值，不平滑地形。,3f891e5677e2daca56794a80735067932692ea91428dbabcbbf5f8daae093bc0,否,figures/F025.pdf
F026,第一问：S007载荷—能量可行边界,figures/F026.pdf,figures/F026.png,figures/F026.svg,results/closure/energy_curves_S007.csv,plot_data/F026.json,基于明确能耗假设的确定性曲线，不是额外现场实验,a72604e10a6e0344085409e713b5aef6b9a3f7020503aba5db67cf52bc6cf6c7,否,figures/F026.pdf
F027,第一问：O01至S008沿线地形与净空,figures/F027.pdf,figures/F027.png,figures/F027.svg,results/q1/route_dem_cells.csv;results/q1/route_geometry.csv,plot_data/F027.json,当前主方案的诊断视图；不另算一次独立实验；阶梯保留像元峰值，不平滑地形。,0ccef55729ed1ae686a4fce03189d999720f857193650e8d88c553a0af291b98,是,figures/F027.pdf
F028,第一问：瓶颈区域S008地形剖面,figures/F028.pdf,figures/F028.png,figures/F028.svg,results/q1/route_dem_cells.csv;results/q1/route_geometry.csv,plot_data/F028.json,当前主方案的诊断视图；不另算一次独立实验；阶梯保留像元峰值，不平滑地形。,3518afe7e72c385feadf34ce6fc9b8325834ea90b8e6fdde63841df032322866,否,figures/F028.pdf
F029,第一问：S008载荷—能量可行边界,figures/F029.pdf,figures/F029.png,figures/F029.svg,results/closure/energy_curves_S008.csv,plot_data/F029.json,基于明确能耗假设的确定性曲线，不是额外现场实验,0858dd881f45fde70c54a7d7dd15c387e033b4e4c57f198ad85b93b5497c236e,否,figures/F029.pdf
F030,第一问：O01至S009沿线地形与净空,figures/F030.pdf,figures/F030.png,figures/F030.svg,results/q1/route_dem_cells.csv;results/q1/route_geometry.csv,plot_data/F030.json,当前主方案的诊断视图；不另算一次独立实验；阶梯保留像元峰值，不平滑地形。,8730a94a252903d5edf0ae1c1fc1af0b174f4e133c2aff40028b25f973fa3bd7,否,figures/F030.pdf
F031,第一问：S009载荷—能量可行边界,figures/F031.pdf,figures/F031.png,figures/F031.svg,results/closure/energy_curves_S009.csv,plot_data/F031.json,基于明确能耗假设的确定性曲线，不是额外现场实验,3e1c9d5e070dfa56c6e97c572d8d297896ed055aa32a72c4f4b36337e5b1ace3,否,figures/F031.pdf
F032,第一问：O01至S010沿线地形与净空,figures/F032.pdf,figures/F032.png,figures/F032.svg,results/q1/route_dem_cells.csv;results/q1/route_geometry.csv,plot_data/F032.json,当前主方案的诊断视图；不另算一次独立实验；阶梯保留像元峰值，不平滑地形。,a09d1495fd1027c00ba0c8e7cf63f152dbfa43c28cfb98fabed3a2a6dd1260a7,否,figures/F032.pdf
F033,第一问：S010载荷—能量可行边界,figures/F033.pdf,figures/F033.png,figures/F033.svg,results/closure/energy_curves_S010.csv,plot_data/F033.json,基于明确能耗假设的确定性曲线，不是额外现场实验,2623fded00a4b5fd81ee6686d9f09501d8c9a8229654ed9f194057d6a1d8c91e,否,figures/F033.pdf
F034,第一问：O01至S011沿线地形与净空,figures/F034.pdf,figures/F034.png,figures/F034.svg,results/q1/route_dem_cells.csv;results/q1/route_geometry.csv,plot_data/F034.json,当前主方案的诊断视图；不另算一次独立实验；阶梯保留像元峰值，不平滑地形。,9100b7473a654de515a4f5cab62ef1eab5cc799e8ab0058019a8c81b49bd6d9e,否,figures/F034.pdf
F035,第一问：S011载荷—能量可行边界,figures/F035.pdf,figures/F035.png,figures/F035.svg,results/closure/energy_curves_S011.csv,plot_data/F035.json,基于明确能耗假设的确定性曲线，不是额外现场实验,b5d44ec598eb4ea547651a7744ae5fa18a7a271513941fc412817285f858db69,否,figures/F035.pdf
F036,第一问：O01至S012沿线地形与净空,figures/F036.pdf,figures/F036.png,figures/F036.svg,results/q1/route_dem_cells.csv;results/q1/route_geometry.csv,plot_data/F036.json,当前主方案的诊断视图；不另算一次独立实验；阶梯保留像元峰值，不平滑地形。,fafd3eb78664a48952c8619e7f14057be92747a71357a2bc0f35ee60b910125b,否,figures/F036.pdf
F037,第一问：S012载荷—能量可行边界,figures/F037.pdf,figures/F037.png,figures/F037.svg,results/closure/energy_curves_S012.csv,plot_data/F037.json,基于明确能耗假设的确定性曲线，不是额外现场实验,ad0d2ef6a7a7fbc8bd2c0b7a8477d799ab04e2379c7dbc11ee9c38a89ed704c4,否,figures/F037.pdf
F038,第一问：O01至S013沿线地形与净空,figures/F038.pdf,figures/F038.png,figures/F038.svg,results/q1/route_dem_cells.csv;results/q1/route_geometry.csv,plot_data/F038.json,当前主方案的诊断视图；不另算一次独立实验；阶梯保留像元峰值，不平滑地形。,7de797b16539a611912e8f9a6ea5dd768c91bf99a97bebab9f3e62b677df8f01,否,figures/F038.pdf
F039,第一问：S013载荷—能量可行边界,figures/F039.pdf,figures/F039.png,figures/F039.svg,results/closure/energy_curves_S013.csv,plot_data/F039.json,基于明确能耗假设的确定性曲线，不是额外现场实验,808f7c57dd0f7f4e1e5d113f27405e00cea8505cff33877ae38a2da123523724,否,figures/F039.pdf
F040,第一问：O01至S014沿线地形与净空,figures/F040.pdf,figures/F040.png,figures/F040.svg,results/q1/route_dem_cells.csv;results/q1/route_geometry.csv,plot_data/F040.json,当前主方案的诊断视图；不另算一次独立实验；阶梯保留像元峰值，不平滑地形。,269bf00d12429cb5a0a081ff612832aab08acc9b827b54f482907b2a58ea4e0e,否,figures/F040.pdf
F041,第一问：S014载荷—能量可行边界,figures/F041.pdf,figures/F041.png,figures/F041.svg,results/closure/energy_curves_S014.csv,plot_data/F041.json,基于明确能耗假设的确定性曲线，不是额外现场实验,566d07b4271a70a6e1727773ca69df96e19c21cedc571353a8d4d43cb9fe9c34,否,figures/F041.pdf
F042,第一问：O01至S015沿线地形与净空,figures/F042.pdf,figures/F042.png,figures/F042.svg,results/q1/route_dem_cells.csv;results/q1/route_geometry.csv,plot_data/F042.json,当前主方案的诊断视图；不另算一次独立实验；阶梯保留像元峰值，不平滑地形。,030831f47b91cb440dca937df848dcec35a10893cea65cc980306ccaeb5b2f68,否,figures/F042.pdf
F043,第一问：S015载荷—能量可行边界,figures/F043.pdf,figures/F043.png,figures/F043.svg,results/closure/energy_curves_S015.csv,plot_data/F043.json,基于明确能耗假设的确定性曲线，不是额外现场实验,c9f2a11c2ac20cca0938fbc3131d692c7936bfdeb5951add0efb659e29957bde,否,figures/F043.pdf
F044,第一问：A型连续上限与现有整箱可实现载荷,figures/F044.pdf,figures/F044.png,figures/F044.svg,results/q1/payload_continuous_discrete.csv,plot_data/F044.json,当前主方案的诊断视图；不另算一次独立实验,74baa21277afd6f2fdcc1bb9bfec904096fab004732260989d3297f2e88b6aeb,否,figures/F044.pdf
F045,第一问：B型连续上限与现有整箱可实现载荷,figures/F045.pdf,figures/F045.png,figures/F045.svg,results/q1/payload_continuous_discrete.csv,plot_data/F045.json,当前主方案的诊断视图；不另算一次独立实验,0d96a196d662c3a5c4998452b7b90800994090b3965e84a59751a1b57aa11390,否,figures/F045.pdf
F046,第一问：S008三机型载荷约束分解,figures/F046.pdf,figures/F046.png,figures/F046.svg,results/q1/payload_continuous_discrete.csv,plot_data/F046.json,从完整45组数据中选择正文明确讨论的瓶颈服务区S008三组；完整数值保留于表6与源数据；从45组服务区×机型数据中选择正文明确讨论的瓶颈服务区S008三组，完整45组仍保留于表6与源数据。,9407d32d6a5aae8a5f36e6bea798fb0a2cde16a97b37784965e4c4f2b0fced89,是,figures/F046.pdf
F047,第一问：三种时间口径的组成,figures/F047.pdf,figures/F047.png,figures/F047.svg,results/q1/batches_NET.csv,plot_data/F047.json,当前主方案的诊断视图；不另算一次独立实验,a92f4a0628342f6a6bec19c09362cf67ea511412447e92f5250f6d08eaf90235,否,figures/F047.pdf
F048,第一问：能耗分项假设扰动后重新优化,figures/F048.pdf,figures/F048.png,figures/F048.svg,results/q1/energy_assumption_sensitivity.csv,plot_data/F048.json,当前主方案的诊断视图；柱高由源表聚合,2d5f32b9c2637df71ef4140bfc264f78b51e81138f3f6e4095368c026efcadaf,否,figures/F048.pdf
F049,Q2：26架次运输航线与节点,figures/F049.pdf,figures/F049.png,figures/F049.svg,data/cleaned/geospatial/dem_clean.tif;data/cleaned/model_inputs.json;results/q2/trips.csv,plot_data/F049.json,当前主方案的诊断视图；不另算一次独立实验,25aad7ae0d8bf76fc535fdc8221262000a320dd2ba1ecaf9a2c11f96311a962d,是,figures/F049.pdf
F050,Q2：运输无人机占用时序,figures/F050.pdf,figures/F050.png,figures/F050.svg,results/q2/trips.csv,plot_data/F050.json,当前主方案的诊断视图；不另算一次独立实验,fb5fc71e3fb32850395cba3684c72b2dfefda1ba420f657b202e58abe060cee5,是,figures/F050.pdf
F051,Q2：共享电池任务与充电时序,figures/F051.pdf,figures/F051.png,figures/F051.svg,results/q2/battery_cycles.csv,plot_data/F051.json,当前主方案的诊断视图；不另算一次独立实验,d17f291bb4eea5c49c373816c8c6a1033454a0d145783b061fb3ff2c740ca0ab,是,figures/F051.pdf
F052,Q2：医疗及首批保障货箱硬时限,figures/F052.pdf,figures/F052.png,figures/F052.svg,results/q2/box_deliveries.csv,plot_data/F052.json,当前主方案的诊断视图；不另算一次独立实验；逐箱排序与完整箱号见本图数据文件。,4e330a9bd07ff6ada415930c345ab13f494895dfcd4a9562b28e4ebd3786a296,否,figures/F052.pdf
F053,Q2：实算备选方案的时间与能耗,figures/F053.pdf,figures/F053.png,figures/F053.svg,results/q2/scenario_comparison.csv,plot_data/F053.json,圆点为本问可行备选；叉号为硬时限不合格对照。同坐标标签合并，下游可分区性须另外检查；不是全局帕累托前沿,f2c3262a2e46cef8ecf0b048d78e4b6978ca8b13778fbd78ac73d938444cde69,是,figures/F053.pdf
F054,Q2：逐架次返航安全余量,figures/F054.pdf,figures/F054.png,figures/F054.svg,results/q2/trips.csv,plot_data/F054.json,当前主方案的诊断视图；不另算一次独立实验,a61650a284f9fe176f3852cfe7971f2ee853acc399ae15551a2041176ef717f5,否,figures/F054.pdf
F055,Q2：全部货箱累计交付进度,figures/F055.pdf,figures/F055.png,figures/F055.svg,results/q2/box_deliveries.csv,plot_data/F055.json,当前主方案的诊断视图；不另算一次独立实验,0c525cb15f01beb5f297ccc08126d7cab8748f22731ba846b4396a8d3df37792,否,figures/F055.pdf
F056,Q2：A型无人机运输路线,figures/F056.pdf,figures/F056.png,figures/F056.svg,data/cleaned/geospatial/dem_clean.tif;data/cleaned/model_inputs.json;results/q2/trips.csv,plot_data/F056.json,当前主方案的诊断视图；不另算一次独立实验,99e88c5e04220eb0c67533ee2c73bbe97d5d462cb0cbc36bb996d0e41ba098f0,否,figures/F056.pdf
F057,Q2：B型无人机运输路线,figures/F057.pdf,figures/F057.png,figures/F057.svg,data/cleaned/geospatial/dem_clean.tif;data/cleaned/model_inputs.json;results/q2/trips.csv,plot_data/F057.json,当前主方案的诊断视图；不另算一次独立实验,a26b84be1044b91c1fc7c70417826135d1c6a66d652c77cce7f408db96a2d8c1,否,figures/F057.pdf
F058,Q2：C型无人机运输路线,figures/F058.pdf,figures/F058.png,figures/F058.svg,data/cleaned/geospatial/dem_clean.tif;data/cleaned/model_inputs.json;results/q2/trips.csv,plot_data/F058.json,当前主方案的诊断视图；不另算一次独立实验,83dbcf5fbfaf0f562b7fb26b2bebe8a9fc7db26ea1aad70f29245aa90a40f811,否,figures/F058.pdf
F059,Q2：各服务区最紧硬时限裕度,figures/F059.pdf,figures/F059.png,figures/F059.svg,results/q2/box_deliveries.csv,plot_data/F059.json,当前主方案的诊断视图；柱高由源表聚合,39630bba7b349040e57546b618a06c951084c50101b51d7b9df739e34c5b644a,否,figures/F059.pdf
F060,Q2：载质量与装载体积利用率,figures/F060.pdf,figures/F060.png,figures/F060.svg,data/cleaned/model_inputs.json;results/q2/trips.csv,plot_data/F060.json,当前主方案的诊断视图；不另算一次独立实验,72dfe1e2061fe0a1a866df29b02096e2aa0f4161bbf0ced19ed8bdaead951aa8,否,figures/F060.pdf
F061,Q2：逐航段汇总的运输能耗分项,figures/F061.pdf,figures/F061.png,figures/F061.svg,results/q2/legs.csv;results/q2/trips.csv,plot_data/F061.json,当前主方案的诊断视图；不另算一次独立实验,81b1fc915834a4ccc2ba7fc88eb58f4e6289b5ab654da6bb80b9586afe5dd739,否,figures/F061.pdf
F062,Q2：分机型累计作业与纯飞行时间,figures/F062.pdf,figures/F062.png,figures/F062.svg,results/q2/trips.csv,plot_data/F062.json,当前主方案的诊断视图；不另算一次独立实验,ad913a0af854b2edeb57db67a30f31c302b742513b95f100a959156c66ce056c,否,figures/F062.pdf
F063,Q3：25架次运输航线与节点,figures/F063.pdf,figures/F063.png,figures/F063.svg,data/cleaned/geospatial/dem_clean.tif;data/cleaned/model_inputs.json;results/q3/relay_sorties.csv;results/q3/trips.csv,plot_data/F063.json,当前主方案的诊断视图；不另算一次独立实验,fe0427a39e56710df55590bfc96b87d1d78704fe860500a985851b963395c3db,是,figures/F063.pdf
F064,Q3：运输无人机占用时序,figures/F064.pdf,figures/F064.png,figures/F064.svg,results/q3/trips.csv,plot_data/F064.json,当前主方案的诊断视图；不另算一次独立实验,669b5416a6b119b6201334abf62fef5958d508442fcf14b2e85feefd65c946b9,是,figures/F064.pdf
F065,Q3：共享电池任务与充电时序,figures/F065.pdf,figures/F065.png,figures/F065.svg,results/q3/battery_cycles.csv,plot_data/F065.json,当前主方案的诊断视图；不另算一次独立实验,35652bc10a25aa220c810b04f99641fc618513879b196f50c3d7ef4e8c997d56,否,figures/F065.pdf
F066,Q3：医疗及首批保障货箱硬时限,figures/F066.pdf,figures/F066.png,figures/F066.svg,results/q3/box_deliveries.csv,plot_data/F066.json,当前主方案的诊断视图；不另算一次独立实验；逐箱排序与完整箱号见本图数据文件。,20145469a11b30804083d7fcba1464d775dd91b8bb38e01e8eba5244943b7ea1,否,figures/F066.pdf
F067,Q3：实算备选方案的时间与能耗,figures/F067.pdf,figures/F067.png,figures/F067.svg,results/q3/scenario_comparison.csv,plot_data/F067.json,圆点为本问可行备选；叉号为硬时限不合格对照。同坐标标签合并，下游可分区性须另外检查；不是全局帕累托前沿,f1eaf2b1694be435e3e9fd772c21bded44f6532740a86a552761762cfd7e2955,否,figures/F067.pdf
F068,Q3：逐架次返航安全余量,figures/F068.pdf,figures/F068.png,figures/F068.svg,results/q3/trips.csv,plot_data/F068.json,当前主方案的诊断视图；不另算一次独立实验,d778fe7840a829bf224f84183ddf0034027c52149dec3bd32b2c9f8f743f60d1,否,figures/F068.pdf
F069,Q3：全部货箱累计交付进度,figures/F069.pdf,figures/F069.png,figures/F069.svg,results/q3/box_deliveries.csv,plot_data/F069.json,当前主方案的诊断视图；不另算一次独立实验,533905dc88b9428b0afeb6723bd17754ac6b9b80d9de0844801da630cd424cee,否,figures/F069.pdf
F070,Q3：A型无人机运输路线,figures/F070.pdf,figures/F070.png,figures/F070.svg,data/cleaned/geospatial/dem_clean.tif;data/cleaned/model_inputs.json;results/q3/trips.csv,plot_data/F070.json,当前主方案的诊断视图；不另算一次独立实验,a67e166f184d7cca2b0088b66f224d42e8b8a9a51049ebe67726f1db2faa57a8,否,figures/F070.pdf
F071,Q3：B型无人机运输路线,figures/F071.pdf,figures/F071.png,figures/F071.svg,data/cleaned/geospatial/dem_clean.tif;data/cleaned/model_inputs.json;results/q3/trips.csv,plot_data/F071.json,当前主方案的诊断视图；不另算一次独立实验,fd9f7340ecf4a5b584ec272d13a54a760139afe6c86a442cb5d4f4c07bd8c570,否,figures/F071.pdf
F072,Q3：C型无人机运输路线,figures/F072.pdf,figures/F072.png,figures/F072.svg,data/cleaned/geospatial/dem_clean.tif;data/cleaned/model_inputs.json;results/q3/trips.csv,plot_data/F072.json,当前主方案的诊断视图；不另算一次独立实验,64f2fa9fbc817bb8c32a2edcd7324a4806c308e11686d81021e30b54b6791be1,否,figures/F072.pdf
F073,Q3：各服务区最紧硬时限裕度,figures/F073.pdf,figures/F073.png,figures/F073.svg,results/q3/box_deliveries.csv,plot_data/F073.json,当前主方案的诊断视图；柱高由源表聚合,fd980b27e0635ed515cc8e8c5e9a9e7841b9caea46a8bfe1b204aaae09f4d46f,否,figures/F073.pdf
F074,Q3：载质量与装载体积利用率,figures/F074.pdf,figures/F074.png,figures/F074.svg,data/cleaned/model_inputs.json;results/q3/trips.csv,plot_data/F074.json,当前主方案的诊断视图；不另算一次独立实验,8e05f8b6085051d4139be726817454b83702cbc8935411969810d907de0e6abd,否,figures/F074.pdf
F075,Q3：逐航段汇总的运输能耗分项,figures/F075.pdf,figures/F075.png,figures/F075.svg,results/q3/legs.csv;results/q3/trips.csv,plot_data/F075.json,当前主方案的诊断视图；不另算一次独立实验,59f0d3efe8ab5814642520b80913cecce71f71c4fc6d97c4c1d44b63cd2e2175,否,figures/F075.pdf
F076,Q3：分机型累计作业与纯飞行时间,figures/F076.pdf,figures/F076.png,figures/F076.svg,results/q3/trips.csv,plot_data/F076.json,当前主方案的诊断视图；不另算一次独立实验,858862e2eb334f6fd2b370e9f977e4351358725a034144273def083948b75352,否,figures/F076.pdf
F077,第二问：固定搜索预算下的收敛轨迹,figures/F077.pdf,figures/F077.png,figures/F077.svg,results/q2/direct_only_search_rounds.csv;results/q2/multipoint_search_rounds.csv,plot_data/F077.json,多次轮次为同一次顺序改进，不能当作独立重复试验,548e9e632e5de69f8ebe770732e2dae112c69b42cb15d0dc8e11f177c4cb606c,是,figures/F077.pdf
F078,第三问：中继无人机任务及周转,figures/F078.pdf,figures/F078.png,figures/F078.svg,results/q3/relay_sorties.csv,plot_data/F078.json,当前主方案的诊断视图；不另算一次独立实验,d63382942063e9f0fd807d1acc0ed6d3fbce57d7ba4adb109224de6c99504af0,是,figures/F078.pdf
F079,第三问：中继能源组件及两阶段充电,figures/F079.pdf,figures/F079.png,figures/F079.svg,results/q3/relay_sorties.csv,plot_data/F079.json,当前主方案的诊断视图；不另算一次独立实验,43da2caad0e62a88ec5ffbb25a93ef00e3e34f079cb140d5491aedbbc8fe41ca,是,figures/F079.pdf
F080,第三问：Q3-R-001完整飞行及服务剖面,figures/F080.pdf,figures/F080.png,figures/F080.svg,data/cleaned/model_inputs.json;results/q3/relay_sorties.csv,plot_data/F080.json,当前主方案的诊断视图；不另算一次独立实验,4f5e9aca7da1686f142ba5b05ed24bca2f4a763d3317c986a83847ff620e5f4b,否,figures/F080.pdf
F081,第三问：Q3-R-002完整飞行及服务剖面,figures/F081.pdf,figures/F081.png,figures/F081.svg,data/cleaned/model_inputs.json;results/q3/relay_sorties.csv,plot_data/F081.json,当前主方案的诊断视图；不另算一次独立实验,6c86cb5ff023f13fa71c0efb2ee4134d306be2df598f5c5d4abd3ab62d7f9ec9,否,figures/F081.pdf
F082,第三问：Q3-R-003完整飞行及服务剖面,figures/F082.pdf,figures/F082.png,figures/F082.svg,data/cleaned/model_inputs.json;results/q3/relay_sorties.csv,plot_data/F082.json,当前主方案的诊断视图；不另算一次独立实验,a4880d0f3d766bc6f3948751dce6db8264cffcf560e7ecc56e76ab0e3be22a32,是,figures/F082.pdf
F083,第三问：Q3-R-004完整飞行及服务剖面,figures/F083.pdf,figures/F083.png,figures/F083.svg,data/cleaned/model_inputs.json;results/q3/relay_sorties.csv,plot_data/F083.json,当前主方案的诊断视图；不另算一次独立实验,4d34e16b773dc182260c6ff917729126e646440d8e9029a62e5ac5b2e0d72e78,否,figures/F083.pdf
F084,第三问：Q3-T-001逐阶段高度剖面,figures/F084.pdf,figures/F084.png,figures/F084.svg,results/q3/trajectory_phases.csv,plot_data/F084.json,不同颜色区分连续阶段；交接为30米作业高度，不在区域地面停留,a13162d4f8eebe33546dd47bf7b9df43e806315ba281e458e84a71fb5d350042,否,figures/F084.pdf
F085,第三问：Q3-T-002逐阶段高度剖面,figures/F085.pdf,figures/F085.png,figures/F085.svg,results/q3/trajectory_phases.csv,plot_data/F085.json,不同颜色区分连续阶段；交接为30米作业高度，不在区域地面停留,3558f2a96553c7740681336ddf757c93de60eb43d61fa95713b3c4820a16e8ef,否,figures/F085.pdf
F086,第三问：Q3-T-003逐阶段高度剖面,figures/F086.pdf,figures/F086.png,figures/F086.svg,results/q3/trajectory_phases.csv,plot_data/F086.json,不同颜色区分连续阶段；交接为30米作业高度，不在区域地面停留,17011cf93f66d5dc2c68632868c4a0f17a4da01ca3065a3463dbd4dc7790a970,否,figures/F086.pdf
F087,第三问：Q3-T-004逐阶段高度剖面,figures/F087.pdf,figures/F087.png,figures/F087.svg,results/q3/trajectory_phases.csv,plot_data/F087.json,不同颜色区分连续阶段；交接为30米作业高度，不在区域地面停留,190383f656460d63be1c62f99601af5b272ac95d27db5c50eddef3625d8292c5,否,figures/F087.pdf
F088,第三问：Q3-T-005逐阶段高度剖面,figures/F088.pdf,figures/F088.png,figures/F088.svg,results/q3/trajectory_phases.csv,plot_data/F088.json,不同颜色区分连续阶段；交接为30米作业高度，不在区域地面停留,bee57d63e33edcf371f2b42a195993ec5b9a678e07f641a47dbc7fa5ee51bd40,否,figures/F088.pdf
F089,第三问：Q3-T-006逐阶段高度剖面,figures/F089.pdf,figures/F089.png,figures/F089.svg,results/q3/trajectory_phases.csv,plot_data/F089.json,不同颜色区分连续阶段；交接为30米作业高度，不在区域地面停留,d01bc337a8faf01ba59a95a4342103e44fec58e32584eca947ef94b22668642e,否,figures/F089.pdf
F090,第三问：Q3-T-007逐阶段高度剖面,figures/F090.pdf,figures/F090.png,figures/F090.svg,results/q3/trajectory_phases.csv,plot_data/F090.json,不同颜色区分连续阶段；交接为30米作业高度，不在区域地面停留,64bf5c348981fbb2f2f3c51ea053747a2d1ea5985635c94cec95b03e8ab8555f,否,figures/F090.pdf
F091,第三问：Q3-T-008逐阶段高度剖面,figures/F091.pdf,figures/F091.png,figures/F091.svg,results/q3/trajectory_phases.csv,plot_data/F091.json,不同颜色区分连续阶段；交接为30米作业高度，不在区域地面停留,0f699a635a49f1d733082481f1238667d7cc80581402ca93c360752e3f3984e3,否,figures/F091.pdf
F092,第三问：Q3-T-009逐阶段高度剖面,figures/F092.pdf,figures/F092.png,figures/F092.svg,results/q3/trajectory_phases.csv,plot_data/F092.json,不同颜色区分连续阶段；交接为30米作业高度，不在区域地面停留,c4a6fcd41937467b1cd8836d64cb57aad6477ba18e958b1ff9b0485067a523b1,否,figures/F092.pdf
F093,第三问：Q3-T-010逐阶段高度剖面,figures/F093.pdf,figures/F093.png,figures/F093.svg,results/q3/trajectory_phases.csv,plot_data/F093.json,不同颜色区分连续阶段；交接为30米作业高度，不在区域地面停留,2d7b90ef6b44ff5fbf72cc581ddbc274f52243dc9921fa5146830285215c6abf,否,figures/F093.pdf
F094,第三问：Q3-T-011逐阶段高度剖面,figures/F094.pdf,figures/F094.png,figures/F094.svg,results/q3/trajectory_phases.csv,plot_data/F094.json,不同颜色区分连续阶段；交接为30米作业高度，不在区域地面停留,87d1a7fd95ea37bb9a93f23e823e7dce201bd837b005df4d7b5fc35b556968d4,否,figures/F094.pdf
F095,第三问：Q3-T-012逐阶段高度剖面,figures/F095.pdf,figures/F095.png,figures/F095.svg,results/q3/trajectory_phases.csv,plot_data/F095.json,不同颜色区分连续阶段；交接为30米作业高度，不在区域地面停留,581aee4b04b9f973f5ee682cc76585561b2be58f2c45e0c074a8f4c5d34eb3ca,否,figures/F095.pdf
F096,第三问：Q3-T-013逐阶段高度剖面,figures/F096.pdf,figures/F096.png,figures/F096.svg,results/q3/trajectory_phases.csv,plot_data/F096.json,不同颜色区分连续阶段；交接为30米作业高度，不在区域地面停留,292754c93b842db69e73895137331d6c82b7613dfc644e3675f5c4a9814965cd,否,figures/F096.pdf
F097,第三问：Q3-T-014逐阶段高度剖面,figures/F097.pdf,figures/F097.png,figures/F097.svg,results/q3/trajectory_phases.csv,plot_data/F097.json,不同颜色区分连续阶段；交接为30米作业高度，不在区域地面停留,af07978c33b51693464ee152e5073e95f4e941bfd2a8a9174979bf78dc922cd7,否,figures/F097.pdf
F098,第三问：Q3-T-015逐阶段高度剖面,figures/F098.pdf,figures/F098.png,figures/F098.svg,results/q3/trajectory_phases.csv,plot_data/F098.json,不同颜色区分连续阶段；交接为30米作业高度，不在区域地面停留,8d33145bb56b26ce8ab5384ecd47e164a73b9a4b90ded6de6a7a40fc5e2395ab,否,figures/F098.pdf
F099,第三问：Q3-T-016逐阶段高度剖面,figures/F099.pdf,figures/F099.png,figures/F099.svg,results/q3/trajectory_phases.csv,plot_data/F099.json,不同颜色区分连续阶段；交接为30米作业高度，不在区域地面停留,1174d110f8ee8a307fa3aedfdecd938d33bde3f6e456b1de24cd3f633aaaac1e,是,figures/F099.pdf
F100,第三问：Q3-T-017逐阶段高度剖面,figures/F100.pdf,figures/F100.png,figures/F100.svg,results/q3/trajectory_phases.csv,plot_data/F100.json,不同颜色区分连续阶段；交接为30米作业高度，不在区域地面停留,16cf914c752292a45ca30a47d24e31bc6727755b45e343cfe8d78a7db630e1b3,否,figures/F100.pdf
F101,第三问：Q3-T-018逐阶段高度剖面,figures/F101.pdf,figures/F101.png,figures/F101.svg,results/q3/trajectory_phases.csv,plot_data/F101.json,不同颜色区分连续阶段；交接为30米作业高度，不在区域地面停留,d0cc295cc98fff340fac574babb62707db926a74f219274e81ebdd6b52f8cacd,否,figures/F101.pdf
F102,第三问：Q3-T-019逐阶段高度剖面,figures/F102.pdf,figures/F102.png,figures/F102.svg,results/q3/trajectory_phases.csv,plot_data/F102.json,不同颜色区分连续阶段；交接为30米作业高度，不在区域地面停留,51d16b45f9168771625995fabb325e77715cf97822fb8a01a76e5d1f89069ede,否,figures/F102.pdf
F103,第三问：Q3-T-020逐阶段高度剖面,figures/F103.pdf,figures/F103.png,figures/F103.svg,results/q3/trajectory_phases.csv,plot_data/F103.json,不同颜色区分连续阶段；交接为30米作业高度，不在区域地面停留,1a4712211bf76336dea85d705c4f7b3e2e092a3783b971f4cef35bdb16ee3a64,否,figures/F103.pdf
F104,第三问：Q3-T-021逐阶段高度剖面,figures/F104.pdf,figures/F104.png,figures/F104.svg,results/q3/trajectory_phases.csv,plot_data/F104.json,不同颜色区分连续阶段；交接为30米作业高度，不在区域地面停留,baeeb2c61c9ebeb2dfa7b081be8998840c086ded417dc6af1c023fad541e1b1c,否,figures/F104.pdf
F105,第三问：Q3-T-022逐阶段高度剖面,figures/F105.pdf,figures/F105.png,figures/F105.svg,results/q3/trajectory_phases.csv,plot_data/F105.json,不同颜色区分连续阶段；交接为30米作业高度，不在区域地面停留,3c666e30c76e2ae9cded3abe92af39b1db628441a1ad2cbe7dfda098559f676d,否,figures/F105.pdf
F106,第三问：Q3-T-023逐阶段高度剖面,figures/F106.pdf,figures/F106.png,figures/F106.svg,results/q3/trajectory_phases.csv,plot_data/F106.json,不同颜色区分连续阶段；交接为30米作业高度，不在区域地面停留,4cbadce557b1168d597a18b50ebde3201f1579609531e9891d68e46461cae029,否,figures/F106.pdf
F107,第三问：Q3-T-024逐阶段高度剖面,figures/F107.pdf,figures/F107.png,figures/F107.svg,results/q3/trajectory_phases.csv,plot_data/F107.json,不同颜色区分连续阶段；交接为30米作业高度，不在区域地面停留,49e8fd5c60e554846890a3d4b21373b3a2c2eaf85223ce3c2de11de37799d1b8,否,figures/F107.pdf
F108,第三问：Q3-T-025逐阶段高度剖面,figures/F108.pdf,figures/F108.png,figures/F108.svg,results/q3/trajectory_phases.csv,plot_data/F108.json,不同颜色区分连续阶段；交接为30米作业高度，不在区域地面停留,9a28ac1465474390adaab31a1f736bdcabb2c1faf36b408e921e97ec5482564d,否,figures/F108.pdf
F109,第三问：直连与中继保障的完整时间区间,figures/F109.pdf,figures/F109.png,figures/F109.svg,results/q3/communication_atoms.csv;results/q3/trips.csv,plot_data/F109.json,正长度区间图；孤立边界点由独立表逐点验证，图像分辨率不构成连续性证明,c17f051b15d4e613edb665e99ed27feaa896e51df40aeeb6c2d5a2f7115aff49,是,figures/F109.pdf
F110,第三问：直连与中继累计保障工作量,figures/F110.pdf,figures/F110.png,figures/F110.svg,results/q3/communication_atoms.csv,plot_data/F110.json,累计飞行及交接时间，不等于日历持续时间；边界点不重复计时,e905147b64704a7840fe683e6c8d499543dee20ed1d0a2812093ff018a4c2f15,否,figures/F110.pdf
F111,第三问：已分割区间中点链路裕量分布,figures/F111.pdf,figures/F111.png,figures/F111.svg,results/q3/communication_atoms.csv,plot_data/F111.json,仅中点分布诊断，不是区间内最低裕量证明，不取代完整区间核验,173c20080d49cf4ec57863dd1fdc9f215fd355af90ec1ef53992e81899a86783,否,figures/F111.pdf
F112,第三问：额外传播损耗压力测试,figures/F112.pdf,figures/F112.png,figures/F112.svg,results/q3/propagation_loss_sensitivity.csv,plot_data/F112.json,压力场景不重优化；负裕度或中断表示失败，不能当作正式可行方案,21b5be9d25b71fbe8252674d02584a2da0ed360619dd399a84a6f45cf55cac14,是,figures/F112.pdf
F113,第三问：仅中继延迟的冻结分配测试,figures/F113.pdf,figures/F113.png,figures/F113.svg,results/q3/relay_only_delay_sensitivity.csv,plot_data/F113.json,压力场景不重优化；负裕度或中断表示失败，不能当作正式可行方案,1999076c3fef0d9ec222564b9e218f88acda68567935b4ffd38186070a27cae1,是,figures/F113.pdf
F114,第三问：全部资源共同延后的时限裕度,figures/F114.pdf,figures/F114.png,figures/F114.svg,results/q3/common_start_delay_sensitivity.csv,plot_data/F114.json,压力场景不重优化；负裕度或中断表示失败，不能当作正式可行方案,32b993e045aae36f151c51b156d680b7a49801cfa10284ff51c92763200afc48,否,figures/F114.pdf
F115,第三问：每次中继任务能耗组成,figures/F115.pdf,figures/F115.png,figures/F115.svg,results/q3/relay_sorties.csv,plot_data/F115.json,当前主方案的诊断视图；不另算一次独立实验,4b986a93ee2f867e7d010a34f3a52b498761f505417ecbf2804b0c6a57acc923,否,figures/F115.pdf
F116,第三问：中继任务返航剩余电量,figures/F116.pdf,figures/F116.png,figures/F116.svg,results/q3/relay_sorties.csv,plot_data/F116.json,当前主方案的诊断视图；柱高由源表聚合,5c4f195d392b0ecd1c902d95b5432b69336246004ec24d1e2038d8fce44d3156,否,figures/F116.pdf
F117,第四问：运输与中继依赖合并后的不可拆单元,figures/F117.pdf,figures/F117.png,figures/F117.svg,results/q4/atomic_components.csv,plot_data/F117.json,当前主方案的诊断视图；柱高由源表聚合,a890cf89772af0dc7d391a63a920086a78257fb6f02006665318533f2aefe2fb,是,figures/F117.pdf
F118,第四问：严格不复制中继的2组分区,figures/F118.pdf,figures/F118.png,figures/F118.svg,data/cleaned/geospatial/dem_clean.tif;data/cleaned/model_inputs.json;results/q4/K2/groups.csv,plot_data/F118.json,当前主方案的诊断视图；不另算一次独立实验；彩点表示服务区归属，不将凸包画成行政区或连续覆盖区。,319112e0e8b342d7e668b9bd5f22342c3ba9fb4d9316046c3ec1cf82df6fd6c7,是,figures/F118.pdf
F119,第四问：2组的运输累计作业时间,figures/F119.pdf,figures/F119.png,figures/F119.svg,results/q4/K2/groups.csv,plot_data/F119.json,当前主方案的诊断视图；柱高由源表聚合,2ebbdb761e010f883998fe1112ff7aefee7c628d73260f0536404820354fbbc6,否,figures/F119.pdf
F120,第四问：2组的货箱数量,figures/F120.pdf,figures/F120.png,figures/F120.svg,results/q4/K2/groups.csv,plot_data/F120.json,当前主方案的诊断视图；柱高由源表聚合,a50409dab52914397905a75dc275e553e925842b77f615a2413b1f5e7734aeb9,否,figures/F120.pdf
F121,第四问：2组的运输架次数,figures/F121.pdf,figures/F121.png,figures/F121.svg,results/q4/K2/groups.csv,plot_data/F121.json,当前主方案的诊断视图；柱高由源表聚合,4b0dc6ffcd065f26adbfe49312307fd45f9e9397b2246bd3bcc3a9b8980bff8c,否,figures/F121.pdf
F122,第四问：2组独立配置需求与原库存,figures/F122.pdf,figures/F122.png,figures/F122.svg,results/q4/inventory_gap.csv;results/q4/summary.json,plot_data/F122.json,当前主方案的诊断视图；不另算一次独立实验,2f7f06e6d7d54a36dd857a633fb272529d43b7352009713a38e8b6501a11a04a,否,figures/F122.pdf
F123,第四问：2组分类型资源缺口,figures/F123.pdf,figures/F123.png,figures/F123.svg,results/q4/inventory_gap.csv;results/q4/summary.json,plot_data/F123.json,当前主方案的诊断视图；柱高由源表聚合,81d78a33c914204f87a685876309a1447e5f3c9e38fd28ce0b21f735662a161a,否,figures/F123.pdf
F124,第四问：2组独立运输机身占用,figures/F124.pdf,figures/F124.png,figures/F124.svg,results/q4/K2/resource_allocations.csv,plot_data/F124.json,当前主方案的诊断视图；不另算一次独立实验,68bc4c67fa07138f620f43d97bb6eaad07b336c53245a65146a5dc6dcc9cc3f4,否,figures/F124.pdf
F125,第四问：2组独立运输电池占用,figures/F125.pdf,figures/F125.png,figures/F125.svg,results/q4/K2/resource_allocations.csv,plot_data/F125.json,当前主方案的诊断视图；不另算一次独立实验,ad37f37ccf38ed055599a45de4576b22ad9708bedf18d2e125d4530f69a5b7d7,否,figures/F125.pdf
F126,第四问：2组独立中继机身占用,figures/F126.pdf,figures/F126.png,figures/F126.svg,results/q4/K2/resource_allocations.csv,plot_data/F126.json,当前主方案的诊断视图；不另算一次独立实验,f720e149ccbcd0d0810b2b0210ccec28e7757d68b474b54e32a480c661561b8e,否,figures/F126.pdf
F127,第四问：2组独立中继能源组件占用,figures/F127.pdf,figures/F127.png,figures/F127.svg,results/q4/K2/resource_allocations.csv,plot_data/F127.json,当前主方案的诊断视图；不另算一次独立实验,db5fed04bcbf6d5af821b016cd8817a5fb23b8fd17a498db71a3e0898fa2a1d9,否,figures/F127.pdf
F128,第四问：严格不复制中继的3组分区,figures/F128.pdf,figures/F128.png,figures/F128.svg,data/cleaned/geospatial/dem_clean.tif;data/cleaned/model_inputs.json;results/q4/K3/groups.csv,plot_data/F128.json,当前主方案的诊断视图；不另算一次独立实验；彩点表示服务区归属，不将凸包画成行政区或连续覆盖区。,962b2180cef2e57ac888f2ff76619c9d7a9c5e9d2bce3df516b569b49f5e4b0d,是,figures/F128.pdf
F129,第四问：3组的运输累计作业时间,figures/F129.pdf,figures/F129.png,figures/F129.svg,results/q4/K3/groups.csv,plot_data/F129.json,当前主方案的诊断视图；柱高由源表聚合,7879ae8fa3a8d8203b43e94ac64fc56aa26779b127f3d6b81698923defda864d,否,figures/F129.pdf
F130,第四问：3组的货箱数量,figures/F130.pdf,figures/F130.png,figures/F130.svg,results/q4/K3/groups.csv,plot_data/F130.json,当前主方案的诊断视图；柱高由源表聚合,cab7a3272bf1a09c6cbb95fc6b515bf40382016a7b94dc0b94e28e26dcc25548,否,figures/F130.pdf
F131,第四问：3组的运输架次数,figures/F131.pdf,figures/F131.png,figures/F131.svg,results/q4/K3/groups.csv,plot_data/F131.json,当前主方案的诊断视图；柱高由源表聚合,f67e0f7eccbcf199cefffc46600aa9c0672a07d7ba9068652aaee8fc0c8252f4,否,figures/F131.pdf
F132,第四问：3组独立配置需求与原库存,figures/F132.pdf,figures/F132.png,figures/F132.svg,results/q4/inventory_gap.csv;results/q4/summary.json,plot_data/F132.json,当前主方案的诊断视图；不另算一次独立实验,d28ddd334465cd633b48cf4a68a9298182e730203701588c81bcda1b80bdee39,否,figures/F132.pdf
F133,第四问：3组分类型资源缺口,figures/F133.pdf,figures/F133.png,figures/F133.svg,results/q4/inventory_gap.csv;results/q4/summary.json,plot_data/F133.json,当前主方案的诊断视图；柱高由源表聚合,7420b6db3a0cac937b7828ec9c92f7a0c4beffeedc48cca81aad86417791a9a5,否,figures/F133.pdf
F134,第四问：3组独立运输机身占用,figures/F134.pdf,figures/F134.png,figures/F134.svg,results/q4/K3/resource_allocations.csv,plot_data/F134.json,当前主方案的诊断视图；不另算一次独立实验,8d64e4bf1ebb52c0fa5f5d077c2555b049697117e121a998e5fb48c975a29519,否,figures/F134.pdf
F135,第四问：3组独立运输电池占用,figures/F135.pdf,figures/F135.png,figures/F135.svg,results/q4/K3/resource_allocations.csv,plot_data/F135.json,当前主方案的诊断视图；不另算一次独立实验,a2a9f8afe059616e67ca612fc23f09888483058805d5da77503d93ee8251feec,是,figures/F135.pdf
F136,第四问：3组独立中继机身占用,figures/F136.pdf,figures/F136.png,figures/F136.svg,results/q4/K3/resource_allocations.csv,plot_data/F136.json,当前主方案的诊断视图；不另算一次独立实验,640c5d9db2b6cba9cd0c689e6dcaa82923c641d3466880ebdd41ec32d7ce4c5b,否,figures/F136.pdf
F137,第四问：3组独立中继能源组件占用,figures/F137.pdf,figures/F137.png,figures/F137.svg,results/q4/K3/resource_allocations.csv,plot_data/F137.json,当前主方案的诊断视图；不另算一次独立实验,0e05ff87e170376ade40751229e2c3a78fac27cebfd3e895c8e0824d7b39d6f7,否,figures/F137.pdf
F138,第四问：严格可行的全部4个分区比较,figures/F138.pdf,figures/F138.png,figures/F138.svg,results/q4/all_partitions.csv,plot_data/F138.json,固定最终Q3的严格依赖图全部分区；不同于仅按运输依赖枚举的空间,df1febc0710d689aad53dc0261495992916d9e8d3d11730e155ed7431351cbbe,是,figures/F138.pdf
F139,闭环压力测试：运输能耗扰动与最低返航电量,figures/F139.pdf,figures/F139.png,figures/F139.svg,results/closure/fixed_energy_sweep.csv,plot_data/F139.json,冻结排程压力试验；仅检验图示扰动维度，不重新优化、不代表随机可靠率,28cc7502e4ed686be4ac8471155080edca5bbe2acb0971e94f553191ce7aa713,是,figures/F139.pdf
F140,闭环压力测试：运输能耗扰动导致的安全余量违约,figures/F140.pdf,figures/F140.png,figures/F140.svg,results/closure/fixed_energy_sweep.csv,plot_data/F140.json,冻结排程压力试验；仅检验图示扰动维度，不重新优化、不代表随机可靠率,7df3a1def97354e0e569996818d6e0a58234832382b4d9bb7fbb016850316ab8,否,figures/F140.pdf
F141,闭环压力测试：运输能耗扰动导致的电池周转冲突,figures/F141.pdf,figures/F141.png,figures/F141.svg,results/closure/fixed_energy_sweep.csv,plot_data/F141.json,冻结排程压力试验；仅检验图示扰动维度，不重新优化、不代表随机可靠率,5f1a6e03966c00f11a5efa2a12f13203ff57ee692f4b1b9f31a3569e1961465c,否,figures/F141.pdf
F142,闭环压力测试：充电时间扰动与下一次任务准备裕度,figures/F142.pdf,figures/F142.png,figures/F142.svg,results/closure/fixed_charging_sweep.csv,plot_data/F142.json,冻结排程压力试验；仅检验图示扰动维度，不重新优化、不代表随机可靠率,105e8d05b4712e7133a1b36c6317643bb27c20b2325cf0c61506202113432fcb,是,figures/F142.pdf
F143,闭环压力测试：充电变慢后的资源冲突,figures/F143.pdf,figures/F143.png,figures/F143.svg,results/closure/fixed_charging_sweep.csv,plot_data/F143.json,冻结排程压力试验；仅检验图示扰动维度，不重新优化、不代表随机可靠率,3231d9cf157fd65413a8cc81e409c8f3e71559019b1b3a43321773f8694eb85f,否,figures/F143.pdf
F144,闭环压力测试：共同延迟对最紧硬时限的影响,figures/F144.pdf,figures/F144.png,figures/F144.svg,results/closure/common_delay_fine_sweep.csv,plot_data/F144.json,冻结排程压力试验；仅检验图示扰动维度，不重新优化、不代表随机可靠率,d4ce7e485f949fb3c579835f66c11dc7d0a6b22b8b299da29f5716baa6bffd26,是,figures/F144.pdf
F145,闭环压力测试：共同延迟导致的硬时限违约货箱数,figures/F145.pdf,figures/F145.png,figures/F145.svg,results/closure/common_delay_fine_sweep.csv,plot_data/F145.json,冻结排程压力试验；仅检验图示扰动维度，不重新优化、不代表随机可靠率,a8854b8e8c6b8ef6b4900a6c950805cd053cd6c720b62390c09554cdb0f8567d,否,figures/F145.pdf
F146,闭环压力测试：共同延迟导致的期望送达逾期,figures/F146.pdf,figures/F146.png,figures/F146.svg,results/closure/common_delay_fine_sweep.csv,plot_data/F146.json,冻结排程压力试验；仅检验图示扰动维度，不重新优化、不代表随机可靠率,ac6885d164d09867af7ba13ce2b4de042d89b5076e4a28f2ae8afbcbb2c42c75,否,figures/F146.pdf
F147,闭环筛选：独立Q3候选的严格三分区兼容性,figures/F147.pdf,figures/F147.png,figures/F147.svg,results/q3/closure_existing_candidates.csv,plot_data/F147.json,圆点支持严格三组；叉号不支持；同坐标标签合并，选择在Q3定稿前完成，不在Q4改排任务,de51d4f5e955e6ebef843ce8866f428660f74e1cc8fba0c82af6998cd83546fc,是,figures/F147.pdf
F148,C型载荷—巡航海拔能耗响应（模型扫参）,figures/F148.pdf,figures/F148.png,figures/F148.svg,data/cleaned/boxes.csv;data/cleaned/model_inputs.json;results/q1/route_geometry.csv;src/config.py;src/physics.py,plot_data/F148.json,固定S008的真实距离与两端作业高度；载荷和巡航海拔为确定性模型扫参，非新增现场试验或正式排程。只基准海拔对应题定巡航规则。,3e88d5e7c0658228f4e9c5e0ca6d60cddeb436a8abf7866c13b1b0a25d7811c3,否,figures/F148.pdf
F149,同一能耗曲面的可行域投影,figures/F149.pdf,figures/F149.png,figures/F149.svg,data/cleaned/boxes.csv;data/cleaned/model_inputs.json;results/q1/route_geometry.csv;src/config.py;src/physics.py,plot_data/F149.json,固定S008的真实距离与两端作业高度；载荷和巡航海拔为确定性模型扫参，非新增现场试验或正式排程。只基准海拔对应题定巡航规则。；红线由同一网格方程确定，不人为绘制。,fbed17914be8a7eaaff35ead781b76733d53eeb8740a9fa933a5df060aa15073,否,figures/F149.pdf
F150,巡航海拔改变时的载荷—能耗截面,figures/F150.pdf,figures/F150.png,figures/F150.svg,data/cleaned/boxes.csv;data/cleaned/model_inputs.json;results/q1/route_geometry.csv;src/config.py;src/physics.py,plot_data/F150.json,固定S008的真实距离与两端作业高度；载荷和巡航海拔为确定性模型扫参，非新增现场试验或正式排程。只基准海拔对应题定巡航规则。,d54e7b18bd113b0d27946e23e578d34306c411fe30cc26b7505c2f3469d16f8f,否,figures/F150.pdf
F151,返航余量下的跨服务区载荷分布,figures/F151.pdf,figures/F151.png,figures/F151.svg,results/q1/capacity_sensitivity.csv,plot_data/F151.json,跨服务区确定性横截面，不是15次独立随机试验。Scott带宽KDE仅为轮廓，裁在实际极值；散点等距横向避让不改变载荷。,100b04c9ac340f964b65777687c4ecd32827a9f98fd00152c51448dfd18fb7ac,否,figures/F151.pdf
F152,15个服务区的安全载荷敏感性,figures/F152.pdf,figures/F152.png,figures/F152.svg,results/q1/capacity_sensitivity.csv,plot_data/F152.json,每个色块为一次已完成能力计算；不对离散服务区做二维平滑插值。,3bb657261731c4f21cc67c49c43792c9fb8544117acf05460ab309b13bb146ee,否,figures/F152.pdf
F153,安全载荷的经验累计分布,figures/F153.pdf,figures/F153.png,figures/F153.svg,results/q1/capacity_sensitivity.csv,plot_data/F153.json,经验分布仅对应15个给定服务区；没有概率外推，不生成随机样本。,765e6c8017a7c964010b8cf2f058d6fd2e77135b040354f36d272c7d4ba47cf4,否,figures/F153.pdf
F154,异构机型载荷—等效航程关系,figures/F154.pdf,figures/F154.png,figures/F154.svg,data/cleaned/model_inputs.json;src/config.py;src/physics.py,plot_data/F154.json,由源题载荷指数关系计算；不是模型非支配前沿，也不是最大安全往返距离。,4b2b9389eb34225d049ac470445ab4bbe7cb61f78f467e037b669a611bad596e,否,figures/F154.pdf
F155,实际需求的空间位置与时间要求,figures/F155.pdf,figures/F155.png,figures/F155.svg,data/cleaned/boxes.csv;data/cleaned/geospatial/dem_clean.tif;data/cleaned/model_inputs.json,plot_data/F155.json,只绘制真实服务节点；符号面积正比货重、颜色代表本区最早期望时间。DEM为原高程，不建立无数据支持的连续需求热力场。,8423da4c2e5bde7efe16ba75f24dbd3952cc67315e2136aaa7fde37f95588eba,否,figures/F155.pdf
F156,按期望送达时刻累计的物资需求,figures/F156.pdf,figures/F156.png,figures/F156.svg,data/cleaned/boxes.csv,plot_data/F156.json,需求累计曲线，不是实际交付曲线、需求到达过程或一天24小时预测。,a672f4f783b942a34861f32ccc40428f75d5b01ea39d8720513acfde43cd13aa,否,figures/F156.pdf
F157,服务区—物资类别的真实需求矩阵,figures/F157.pdf,figures/F157.png,figures/F157.svg,data/cleaned/boxes.csv,plot_data/F157.json,质量由80箱逐箱汇总，总质量758 kg。空类别为真实0，不是缺失插值。,ff30a67feb718c4b277c52256ac061019ffa6c912b162e4257592c98c87e3f96,否,figures/F157.pdf
F158,五个已计算Q3候选的三指标位置,figures/F158.pdf,figures/F158.png,figures/F158.svg,results/q3/closure_existing_candidates.csv,plot_data/F158.json,恰好5个已计算候选；编号对应绘图数据行；部分点同坐标重合。不是全局帕累托前沿，不补造迭代点云。,790469a967400ad19994e39b2b675da7a7269e489040139e2e1ecf2b227a70f7,否,figures/F158.pdf
F159,实际搜索日志中的时间—能耗轨迹,figures/F159.pdf,figures/F159.png,figures/F159.svg,results/q2/multipoint_search_rounds.csv,plot_data/F159.json,仅展示日志已保存的各轮结果，不是每个候选移动的点云；折线只连接记录先后，不代表连续可行前沿。,602f79ccfbfbe448ea1fbe55aeff71ef44a44d282d6aa2517cd2338141b70ec9,否,figures/F159.pdf
F160,Q3-T-016：任务能耗与两阶段充电,figures/F160.pdf,figures/F160.png,figures/F160.svg,data/cleaned/model_inputs.json;data/cleaned/transport_batteries.csv;results/q3/battery_cycles.csv;results/q3/communication_atoms.csv;results/q3/legs.csv;results/q3/trajectory_phases.csv;results/q3/trips.csv,plot_data/F160.json,分阶段均匀能量累计由同一能耗公式推导，非电流遥测。下降/交接附加能耗按题定简化模型为0；末尾为本电池充满时间，非任务完工。,202687bc41b26deb997e83fd1fb5ab8000613a3c58caedc013ccf1d6c134ec3c,否,figures/F160.pdf
F161,Q3-T-016：完成站点交接后的剩余载荷,figures/F161.pdf,figures/F161.png,figures/F161.svg,data/cleaned/model_inputs.json;data/cleaned/transport_batteries.csv;results/q3/battery_cycles.csv;results/q3/communication_atoms.csv;results/q3/legs.csv;results/q3/trajectory_phases.csv;results/q3/trips.csv,plot_data/F161.json,卸货以站点交接完成为阶跃；用于航段能耗的载荷，不推断交接期间每箱释放过程。,f7cad2bcd9e1bc3342a9b0b360274160f21276e420ef518878618e0b3f0f0c5c,否,figures/F161.pdf
F162,Q3-T-016：全飞行与交接区间通信切换,figures/F162.pdf,figures/F162.png,figures/F162.svg,data/cleaned/model_inputs.json;data/cleaned/transport_batteries.csv;results/q3/battery_cycles.csv;results/q3/communication_atoms.csv;results/q3/legs.csv;results/q3/trajectory_phases.csv;results/q3/trips.csv,plot_data/F162.json,空白仅为准备、返回后充电等无本运输任务通信需求时段；正长度通信区间直接取最终结果，边界点另行验证。,c7e60f88a155f9b2a412904a43bf333f279a60a1a8804384f356f98f5ca7eec8,否,figures/F162.pdf
F163,Q3-T-016：与能源、通信对齐的飞行剖面,figures/F163.pdf,figures/F163.png,figures/F163.svg,data/cleaned/model_inputs.json;data/cleaned/transport_batteries.csv;results/q3/battery_cycles.csv;results/q3/communication_atoms.csv;results/q3/legs.csv;results/q3/trajectory_phases.csv;results/q3/trips.csv,plot_data/F163.json,与F160-F162共享完整时间轴；返航后不绘制虚构空中轨迹。,f99dd6d273ae221ad8cbd071c573dc3c41b12407d76c08af0b6e2d141898ade3,否,figures/F163.pdf
