trip_id,leg_index,model_id,from_id,to_id,departure_s,arrival_s,handoff_complete_s,remaining_payload_at_departure_kg,remaining_payload_after_handoff_kg,remaining_volume_after_handoff_m3,distance_m,terrain_max_m,cruise_altitude_m,climb_m,descent_m,flight_s,horizontal_energy_kwh,climb_energy_kwh,leg_energy_kwh,delivered_box_ids
Q2-001,1,A,O01,S006,360.0,725.5024303951484,935.5024303951484,17.0,0.0,0.0,3186.208178413656,316.09783935546875,366.09783935546875,238.39783935546876,51.29783935546874,365.50243039514834,0.6459610133951039,0.07849745522944132,0.7244584686245452,S006-MED-01;S006-WAT-03
Q2-001,2,A,S006,O01,935.5024303951484,1313.4781941236301,1313.4781941236301,0.0,0.0,0.0,3186.208178413656,316.09783935546875,366.09783935546875,51.29783935546874,238.39783935546876,377.9757637284817,0.573517472114458,0.013590365079243976,0.587107837193702,
Q2-002,1,A,O01,S001,390.0,728.5730843719844,938.5730843719844,20.0,3.0,0.012000000000000007,3053.9788435184996,223.05661010742188,273.0566101074219,145.3566101074219,89.05661010742188,338.57308437198435,0.6415235720788907,0.049512095317840586,0.6910356673967313,S001-MED-02;S001-WAT-06
Q2-002,2,A,S001,S010,938.5730843719844,1361.882699073385,1541.882699073385,3.0,0.0,6.938893903907228e-18,3709.894180127748,381.0796813964844,431.0796813964844,247.07968139648438,79.47968139648435,423.30961470140085,0.6733793229838314,0.06826434114138286,0.7416436641252142,S010-MED-01
Q2-002,3,A,S010,O01,1541.882699073385,2091.7773961830103,2091.7773961830103,0.0,0.0,6.938893903907228e-18,4784.49485164363,385.63653564453125,435.63653564453125,84.03653564453123,307.93653564453126,549.8946971096254,0.8612090732958533,0.022263846075269905,0.8834729193711232,
Q2-003,1,A,O01,S001,360.0,698.5730843719844,908.5730843719844,22.0,0.0,0.0,3053.9788435184996,223.05661010742188,273.0566101074219,145.3566101074219,89.05661010742188,338.57308437198435,0.658423675425001,0.05061236410268149,0.7090360395276825,S001-WAT-04;S001-FOD-01
Q2-003,2,A,S001,O01,908.5730843719844,1250.8995020773023,1250.8995020773023,0.0,0.0,0.0,3053.9788435184996,223.05661010742188,273.0566101074219,89.05661010742188,145.3566101074219,342.3264177053177,0.54971619183333,0.023593817191653783,0.5733100090249837,
Q2-004,1,A,O01,S009,390.0,945.8966159156646,1125.8966159156646,20.0,17.0,0.03900000000000001,5705.144962277037,243.22891235351562,293.2289123535156,165.52891235351564,63.228912353515625,555.8966159156646,1.1984316732237643,0.056383285770416264,1.2548149589941806,S009-MED-01
Q2-004,2,A,S009,S002,1125.8966159156646,1345.8857600860379,1555.8857600860379,17.0,0.0,6.938893903907228e-18,1724.5471958647918,278.2866516113281,328.2866516113281,98.28665161132812,108.78665161132812,219.98914417037327,0.34962883525179367,0.03236292768160502,0.3819917629333987,S002-MED-01;S002-WAT-03
Q2-004,3,A,S002,O01,1555.8857600860379,2275.8147510533395,2275.8147510533395,0.0,0.0,6.938893903907228e-18,7411.310455084183,258.9542541503906,308.9542541503906,89.45425415039062,181.25425415039064,719.9289909673017,1.334035881915153,0.023699165248870852,1.357735047164024,
Q2-005,1,B,O01,S007,360.0,855.7776994902123,1065.7776994902124,22.0,0.0,0.0,4534.460566816074,461.9731750488281,511.9731750488281,384.27317504882814,163.47317504882812,495.7776994902122,0.8863236341743015,0.12652994857597352,1.012853582750275,S007-WAT-02;S007-FOD-01
Q2-005,2,B,S007,O01,1065.7776994902124,1576.2753989804246,1576.2753989804246,0.0,0.0,0.0,4534.460566816074,461.9731750488281,511.9731750488281,163.47317504882812,384.27317504882814,510.4976994902122,0.6477800809737249,0.040215536292394,0.6879956172661189,
Q2-006,1,B,O01,S006,360.0,672.3989607549207,882.3989607549207,28.0,0.0,0.0,3186.208178413656,316.09783935546875,366.09783935546875,238.39783935546876,51.29783935546874,312.3989607549208,0.7418510962637455,0.08391107283147177,0.8257621690952173,S006-WAT-01;S006-WAT-02
Q2-006,2,B,S006,O01,882.3989607549207,1207.271254843175,1207.271254843175,0.0,0.0,0.0,3186.208178413656,316.09783935546875,366.09783935546875,51.29783935546874,238.39783935546876,324.87229408825414,0.4551725969162365,0.012619624716440833,0.46779222163267736,
Q2-007,1,C,O01,S001,480.0,786.2695386645796,1182.2695386645796,68.0,0.0,0.0,3053.9788435184996,223.05661010742188,273.0566101074219,145.3566101074219,89.05661010742188,306.26953866457967,1.6256736985952356,0.07586353271478019,1.7015372313100157,S001-WAT-01;S001-WAT-02;S001-WAT-03;S001-WAT-07;S001-HYG-01;S001-HYG-02
Q2-007,2,C,S001,O01,1182.2695386645796,1494.1690773291593,1494.1690773291593,0.0,0.0,0.0,3053.9788435184996,223.05661010742188,273.0566101074219,89.05661010742188,145.3566101074219,311.89953866457967,0.9396857980056922,0.02356011173852285,0.963245909744215,
Q2-008,1,C,O01,S001,420.0,726.2695386645796,978.2695386645796,50.0,22.0,0.05500000000000001,3053.9788435184996,223.05661010742188,273.0566101074219,145.3566101074219,89.05661010742188,306.26953866457967,1.2803253342532477,0.06596111365121207,1.3462864479044598,S001-WAT-05;S001-WAT-08
Q2-008,2,C,S001,S009,978.2695386645796,1230.3221447071373,1482.3221447071373,22.0,0.0,6.938893903907228e-18,2651.198773865906,243.22891235351562,293.2289123535156,109.22891235351562,63.228912353515625,252.05260604255778,0.8844315161718578,0.03799156034501394,0.9224230765168717,S009-WAT-01;S009-FOD-01
Q2-008,3,C,S009,O01,1482.3221447071373,1970.7211633104373,1970.7211633104373,0.0,0.0,6.938893903907228e-18,5705.144962277037,243.22891235351562,293.2289123535156,63.228912353515625,165.52891235351564,488.39901860329985,1.7554292191621652,0.016727340490023297,1.7721565596521884,
Q2-009,1,B,O01,S002,1567.271254843175,2157.558404892407,2367.558404892407,28.0,0.0,0.0,7411.310455084183,258.9542541503906,308.9542541503906,181.25425415039064,89.45425415039062,590.287150049232,1.725589942020844,0.06379772133064271,1.7893876633514867,S002-WAT-01;S002-WAT-02
Q2-009,2,B,S002,O01,2367.558404892407,2963.9655549416393,2963.9655549416393,0.0,0.0,0.0,7411.310455084183,258.9542541503906,308.9542541503906,89.45425415039062,181.25425415039064,596.407150049232,1.0587586364405974,0.02200636773109436,1.0807650041716919,
Q2-010,1,A,O01,S010,1610.899502077302,2145.867532520261,2355.867532520261,22.0,0.0,0.0,4784.49485164363,385.63653564453125,435.63653564453125,307.93653564453126,84.03653564453123,534.9680304429587,1.0315149012760707,0.10722179095289444,1.1387366922289652,S010-WAT-01;S010-FOD-01
Q2-010,2,A,S010,O01,2355.867532520261,2905.7622296298864,2905.7622296298864,0.0,0.0,0.0,4784.49485164363,385.63653564453125,435.63653564453125,84.03653564453123,307.93653564453126,549.8946971096254,0.8612090732958533,0.022263846075269905,0.8834729193711232,
Q2-011,1,A,O01,S007,1673.4781941236301,2244.83023639411,2454.83023639411,17.0,0.0,0.0,4534.460566816074,461.9731750488281,511.9731750488281,384.27317504882814,163.47317504882812,571.3520422704802,0.9193011187357432,0.12652994857597352,1.0458310673117166,S007-MED-01;S007-WAT-01
Q2-011,2,A,S007,O01,2454.83023639411,3040.9022786645905,3040.9022786645905,0.0,0.0,0.0,4534.460566816074,461.9731750488281,511.9731750488281,163.47317504882812,384.27317504882814,586.0720422704801,0.8162029020268933,0.04330903908411662,0.8595119411110099,
Q2-012,1,C,O01,S013,1974.1690773291593,2429.785543835282,2717.785543835282,50.0,25.0,0.06700000000000002,4849.242377230511,349.18182373046875,399.18182373046875,271.48182373046876,47.48182373046876,455.6164665061226,2.0329570653965985,0.12319524661513435,2.156152312011733,S013-MED-01;S013-WAT-01;S013-FOD-01
Q2-012,2,C,S013,S012,2717.785543835282,3020.427266620179,3308.427266620179,25.0,0.0,2.0816681711721685e-17,2855.2198847422064,386.5263671875,436.5263671875,84.82636718750001,156.7263671875,302.64172278489707,0.9697489820533575,0.030467098084174266,1.0002160801375317,S012-WAT-01;S012-MED-01;S012-FOD-01
Q2-012,3,C,S012,O01,3308.427266620179,3997.327607804446,3997.327607804446,0.0,0.0,2.0816681711721685e-17,7390.491686977874,363.3009948730469,413.3009948730469,133.50099487304686,285.6009948730469,688.9003411842671,2.273997442147038,0.03531796632073721,2.3093154084677754,
Q2-013,1,B,O01,S001,1966.2753989804244,2253.9488359604334,2433.9488359604334,25.0,22.0,0.05500000000000001,3053.9788435184996,223.05661010742188,273.0566101074219,145.3566101074219,89.05661010742188,287.67343698000934,0.6473280266269935,0.049512095317840586,0.6968401219448341,S001-MED-01
Q2-013,2,B,S001,S002,2433.9488359604334,2802.3015564251637,3012.3015564251637,22.0,0.0,6.938893903907228e-18,4360.597539148686,259.2448425292969,309.2448425292969,125.24484252929688,89.74484252929688,368.3527204647301,0.8523396777014131,0.04123947367032369,0.8935791513717367,S002-WAT-04;S002-FOD-02
Q2-013,3,B,S002,O01,3012.3015564251637,3608.708706474396,3608.708706474396,0.0,0.0,6.938893903907228e-18,7411.310455084183,258.9542541503906,308.9542541503906,89.45425415039062,181.25425415039064,596.407150049232,1.0587586364405974,0.02200636773109436,1.0807650041716919,
Q2-014,1,C,O01,S014,2360.721163310437,3028.200602783761,3316.200602783761,25.0,0.0,6.938893903907228e-18,5419.60185821314,541.9473876953125,591.9473876953125,464.2473876953125,240.9473876953125,667.479439473324,1.8407175619720098,0.16674379871732925,2.007461360689339,S014-WAT-01;S014-MED-01;S014-FOD-01
Q2-014,2,C,S014,O01,3316.200602783761,4006.010042257085,4006.010042257085,0.0,0.0,6.938893903907228e-18,5419.60185821314,541.9473876953125,591.9473876953125,240.9473876953125,464.2473876953125,689.8094394733239,1.66756980252712,0.0637431333885193,1.7313129359156392,
Q2-015,1,A,O01,S005,2511.355027214739,3070.2069236468674,3250.2069236468674,20.0,6.0,0.024000000000000004,5280.606936873044,276.410888671875,326.410888671875,198.710888671875,131.410888671875,558.8518964321287,1.1092525516596112,0.06768589645385743,1.1769384481134686,S005-WAT-02
Q2-015,2,A,S005,S008,3250.2069236468674,3599.1717182847287,3779.1717182847287,6.0,3.0,0.012000000000000004,3040.170436044966,316.78717041015625,366.78717041015625,171.78717041015625,95.88717041015627,348.9647946378618,0.5604087470742476,0.04941267082214355,0.6098214178963911,S008-MED-01
Q2-015,3,A,S008,S011,3779.1717182847287,4350.771494155848,4530.771494155848,3.0,0.0,3.469446951953614e-18,5327.212076078428,362.91650390625,412.91650390625,142.01650390625002,200.81650390625,571.599775871119,0.966937138098494,0.03923699033270942,1.0061741284312034,S011-MED-01
Q2-015,4,A,S011,O01,4530.771494155848,4859.596300818121,4859.596300818121,0.0,0.0,3.469446951953614e-18,2808.074232681646,245.36175537109375,295.36175537109375,83.26175537109376,167.66175537109376,328.8248066622726,0.5054533618826963,0.02205858310699463,0.5275119449896909,
Q2-016,1,A,O01,S008,2635.8147510533395,3431.6076874238915,3641.6076874238915,22.0,0.0,0.0,8079.033112423187,322.9093322753906,372.9093322753906,245.20933227539064,102.00933227539065,795.7929363705521,1.7418020714359077,0.08538052722422283,1.8271825986601304,S008-WAT-01;S008-FOD-01
Q2-016,2,A,S008,O01,3641.6076874238915,4446.94729046111,4446.94729046111,0.0,0.0,0.0,8079.033112423187,322.9093322753906,372.9093322753906,102.00933227539065,245.20933227539064,805.3396030372188,1.4542259602361738,0.027025389071570514,1.4812513493077444,
Q2-017,1,B,O01,S008,3323.965554941639,3985.107939438471,4195.107939438471,20.0,0.0,0.0,8079.033112423187,322.9093322753906,372.9093322753906,245.20933227539064,102.00933227539065,661.1423844968323,1.5053144808766865,0.07888418276151021,1.5841986636381966,S008-WAT-02;S008-HYG-01
Q2-017,2,B,S008,O01,4195.107939438471,4865.79699060197,4865.79699060197,0.0,0.0,0.0,8079.033112423187,322.9093322753906,372.9093322753906,102.00933227539065,245.20933227539064,670.689051163499,1.1541475874890268,0.0250950041378869,1.1792425916269136,
Q2-018,1,A,O01,S001,3620.888046441008,3959.4611308129925,4169.461130812992,16.0,0.0,0.0,3053.9788435184996,223.05661010742188,273.0566101074219,145.3566101074219,89.05661010742188,338.57308437198435,0.6124289124702874,0.04731155774815878,0.6597404702184462,S001-FOD-02;S001-FOD-03
Q2-018,2,A,S001,O01,4169.461130812992,4511.787548518309,4511.787548518309,0.0,0.0,0.0,3053.9788435184996,223.05661010742188,273.0566101074219,89.05661010742188,145.3566101074219,342.3264177053177,0.54971619183333,0.023593817191653783,0.5733100090249837,
Q2-019,1,B,O01,S002,3968.7087064743955,4558.9958565236275,4768.9958565236275,14.0,0.0,0.0,7411.310455084183,258.9542541503906,308.9542541503906,181.25425415039064,89.45425415039062,590.287150049232,1.2263036053489964,0.05419376328086853,1.2804973686298649,S002-FOD-01;S002-HYG-01
Q2-019,2,B,S002,O01,4768.9958565236275,5365.403006572859,5365.403006572859,0.0,0.0,0.0,7411.310455084183,258.9542541503906,308.9542541503906,89.45425415039062,181.25425415039064,596.407150049232,1.0587586364405974,0.02200636773109436,1.0807650041716919,
Q2-020,1,A,O01,S003,4030.9045954575804,4870.192568171925,5080.192568171925,20.0,3.0,0.012000000000000007,7263.1792565565,511.80413818359375,561.8041381835938,434.10413818359376,223.30413818359375,839.2879727143438,1.5257147937368158,0.14786672206878665,1.6735815158056024,S003-MED-01;S003-WAT-01
Q2-020,2,A,S003,S015,5080.192568171925,5353.3823107266035,5533.3823107266035,3.0,0.0,6.938893903907228e-18,2616.366900890517,437.89886474609375,487.89886474609375,149.39886474609375,13.39886474609375,273.1897425546785,0.47489423871876985,0.041276623846689856,0.5161708625654597,S015-MED-01
Q2-020,3,A,S015,O01,5533.3823107266035,6244.237012300429,6244.237012300429,0.0,0.0,6.938893903907228e-18,6009.38297162029,521.7992553710938,571.7992553710938,97.29925537109375,444.09925537109376,710.8547015738263,1.081688934891652,0.025777545780605742,1.1074664806722578,
Q2-021,1,C,O01,S007,4507.327607804446,5045.070836469464,5261.070836469464,70.0,64.0,0.17200000000000001,4534.460566816074,461.9731750488281,511.9731750488281,384.27317504882814,163.47317504882812,537.7432286650169,2.4946874236812437,0.20346597477906547,2.698153398460309,S007-HYG-01
Q2-021,2,C,S007,S003,5261.070836469464,5504.334351394428,5900.334351394428,64.0,0.0,2.7755575615628914e-17,2734.2616228002607,360.6993408203125,410.6993408203125,62.1993408203125,72.1993408203125,243.2635149249653,1.3686349873741732,0.03152102775022719,1.4001560151244004,S003-WAT-02;S003-WAT-03;S003-WAT-04;S003-FOD-01;S003-FOD-02;S003-HYG-01
Q2-021,3,C,S003,O01,5900.334351394428,6690.920026196763,6690.920026196763,0.0,0.0,2.7755575615628914e-17,7263.1792565565,511.80413818359375,561.8041381835938,223.30413818359375,434.10413818359376,790.5856748023344,2.234824386632769,0.059075574973424284,2.2938999616061935,
Q2-022,1,C,O01,S005,4516.010042257085,5013.240304519976,5301.240304519976,65.0,37.0,0.101,5280.606936873044,276.410888671875,326.410888671875,198.710888671875,131.410888671875,497.2302622628905,2.6827728422789177,0.10145363812917076,2.7842264804080883,S005-WAT-03;S005-FOD-01;S005-HYG-01
Q2-022,2,C,S005,S004,5301.240304519976,5612.192329715115,5936.192329715115,37.0,0.0,1.3877787807814457e-17,2608.141553464183,315.80657958984375,365.80657958984375,170.80657958984375,137.50657958984374,310.9520251951382,0.9661338325696297,0.06910608840412565,1.0352399209737553,S004-MED-01;S004-WAT-02;S004-WAT-03;S004-HYG-01
Q2-022,3,C,S004,O01,5936.192329715115,6653.750675956715,6653.750675956715,0.0,0.0,1.3877787807814457e-17,7714.6964491171675,348.2391662597656,398.2391662597656,169.9391662597656,270.53916625976564,717.5583462416002,2.373752753574513,0.044957760473950704,2.4187105140484637,
Q2-023,1,A,O01,S004,4806.94729046111,5607.994049811368,5817.994049811368,22.0,0.0,0.0,7714.6964491171675,348.2391662597656,398.2391662597656,270.53916625976564,169.9391662597656,801.0467593502588,1.663252776487402,0.09420023469628229,1.7574530111836844,S004-WAT-01;S004-FOD-01
Q2-023,2,A,S004,O01,5817.994049811368,6625.747475828294,6625.747475828294,0.0,0.0,0.0,7714.6964491171675,348.2391662597656,398.2391662597656,169.9391662597656,270.53916625976564,807.7534260169255,1.3886453608410902,0.04502207772784763,1.4336674385689379,
Q2-024,1,A,O01,S005,4871.78754851831,5430.63944495044,5640.63944495044,17.0,0.0,0.0,5280.606936873044,276.410888671875,326.410888671875,198.710888671875,131.410888671875,558.8518964321287,1.0705722969997595,0.06542969990539552,1.1360019969051551,S005-MED-01;S005-WAT-01
Q2-024,2,A,S005,O01,5640.63944495044,6203.9780080492355,6203.9780080492355,0.0,0.0,0.0,5280.606936873044,276.410888671875,326.410888671875,131.410888671875,198.710888671875,563.3385630987954,0.950509248637148,0.034814759741889106,0.9853240083790371,
Q2-025,1,B,O01,S015,5234.365044201683,5821.943362915172,6031.943362915172,22.0,0.0,0.0,6009.38297162029,521.7992553710938,571.7992553710938,444.09925537109376,97.29925537109375,587.5783187134881,1.1746178130933786,0.14622893189875286,1.3208467449921315,S015-WAT-01;S015-FOD-01
Q2-025,2,B,S015,O01,6031.943362915172,6642.64168162866,6642.64168162866,0.0,0.0,0.0,6009.38297162029,521.7992553710938,571.7992553710938,97.29925537109375,444.09925537109376,610.6983187134881,0.8584832816600414,0.023936292510562472,0.8824195741706039,
Q2-026,1,A,O01,S011,5728.002131410857,6051.200271406463,6261.200271406463,22.0,0.0,0.0,2808.074232681646,245.36175537109375,295.36175537109375,167.66175537109376,83.26175537109376,323.19813999560597,0.6054077817442776,0.05837889176601834,0.6637866735102959,S011-WAT-01;S011-FOD-01
Q2-026,2,A,S011,O01,6261.200271406463,6590.025078068736,6590.025078068736,0.0,0.0,0.0,2808.074232681646,245.36175537109375,295.36175537109375,83.26175537109376,167.66175537109376,328.8248066622726,0.5054533618826963,0.02205858310699463,0.5275119449896909,
Q2-027,1,B,O01,S006,5792.888560052643,6105.287520807563,6315.287520807563,14.0,0.0,0.0,3186.208178413656,316.09783935546875,366.09783935546875,238.39783935546876,51.29783935546874,312.3989607549208,0.5272021190126683,0.07127929842673408,0.5984814174394024,S006-FOD-01;S006-HYG-01
Q2-027,2,B,S006,O01,6315.287520807563,6640.159814895816,6640.159814895816,0.0,0.0,0.0,3186.208178413656,316.09783935546875,366.09783935546875,51.29783935546874,238.39783935546876,324.87229408825414,0.4551725969162365,0.012619624716440833,0.46779222163267736,
