family,iteration,phase,seed,hard_late_s,weighted_tardiness_s,makespan_s,energy_kwh,trips,weighted_completion_s
multipoint,0,initial,20260923,0.0,0.0,10189.462420318481,110.8891187271795,34,3609190.9484978574
multipoint,34,anneal,20260923,0.0,0.0,10189.462420318481,110.83041732610369,34,3603053.293103429
multipoint,2131,anneal,20260923,0.0,0.0,10126.278997495347,109.65253863025914,35,3846168.8091620863
multipoint,2141,anneal,20260923,0.0,0.0,10126.278997495347,109.6300132035605,35,3842761.2795571336
multipoint,2153,anneal,20260923,0.0,0.0,10126.278997495347,109.10386319727982,35,3839593.1936778254
multipoint,2174,anneal,20260923,0.0,0.0,10100.772202086722,108.70988993460534,35,3824639.7766177896
multipoint,2264,anneal,20260923,0.0,0.0,10034.772202086722,111.1738221707837,36,3789357.4242709912
multipoint,2269,anneal,20260923,0.0,0.0,10034.772202086722,111.13977483447115,36,3792181.2068192656
multipoint,2668,anneal,20260923,0.0,0.0,9964.044380385609,111.75744487640334,37,3692491.8202213366
multipoint,2712,anneal,20260923,0.0,0.0,9880.283889853401,111.36347161372886,37,3677347.4907383644
multipoint,2734,anneal,20260923,0.0,0.0,9880.283889853401,111.30644817127666,37,3667989.69512226
multipoint,2894,anneal,20260923,0.0,0.0,9880.283889853401,111.16751633974893,37,3682815.2869460913
multipoint,2980,anneal,20260923,0.0,0.0,9859.321431562033,111.293114939611,37,3699620.701170887
multipoint,3014,anneal,20260923,0.0,0.0,9859.321431562033,111.16751633974891,37,3685922.6072047977
multipoint,3035,anneal,20260923,0.0,0.0,9859.321431562033,111.1449909130503,37,3682515.077599844
multipoint,3042,anneal,20260923,0.0,0.0,9859.321431562033,110.9918883405733,37,3680910.987741371
multipoint,3049,anneal,20260923,0.0,0.0,9859.321431562033,110.87986214585308,37,3681699.341709872
multipoint,3075,anneal,20260923,0.0,0.0,9859.321431562033,110.84629213573763,37,3682805.9000782175
multipoint,3095,anneal,20260923,0.0,0.0,9859.321431562033,109.28222501754499,37,3653166.6448984477
multipoint,3205,anneal,20260923,0.0,0.0,9836.272024617174,110.03558480942267,37,3684446.809401747
multipoint,3222,anneal,20260923,0.0,0.0,9836.272024617174,109.13681252796393,36,3670975.1227435274
multipoint,3249,anneal,20260923,0.0,0.0,9836.272024617174,109.12612342805367,36,3670957.4921655413
multipoint,3398,anneal,20260923,0.0,0.0,9836.272024617174,108.09508987481908,35,3800030.502339732
multipoint,3405,anneal,20260923,0.0,0.0,9836.272024617174,108.04519573545612,35,3796097.639758214
multipoint,3457,anneal,20260923,0.0,0.0,9836.272024617174,107.33018769171747,34,3713859.3637088407
multipoint,3880,anneal,20260923,0.0,0.0,9836.272024617174,106.54951229435935,36,3723692.087746348
multipoint,4322,anneal,20260923,0.0,0.0,9765.474642054898,105.80985305134686,36,3626444.1940403935
multipoint,4338,anneal,20260923,0.0,0.0,9765.474642054898,105.75304578297781,36,3622105.044629338
multipoint,4354,anneal,20260923,0.0,0.0,9765.474642054898,105.66794028041218,36,3627897.878207595
multipoint,4371,anneal,20260923,0.0,0.0,9751.76091595127,105.66794028041217,36,3663219.083493663
multipoint,4382,anneal,20260923,0.0,0.0,9751.76091595127,105.50962150373914,36,3663589.7300390895
multipoint,4391,anneal,20260923,0.0,0.0,9751.76091595127,105.47605149362369,36,3664773.872430814
multipoint,5300,anneal,20260923,0.0,0.0,9609.162190221721,103.6628849088396,35,3672185.053023027
multipoint,5319,anneal,20260923,0.0,0.0,9609.162190221721,103.56673643226901,35,3668567.939397472
multipoint,7033,anneal,20260923,0.0,0.0,9603.745213834594,107.14189323771242,35,3861934.260550365
multipoint,7048,anneal,20260923,0.0,0.0,9603.745213834594,107.13636398152558,35,3884295.5559289334
multipoint,7081,anneal,20260923,0.0,0.0,9603.745213834594,107.07399983199683,35,3892168.424437936
multipoint,7082,anneal,20260923,0.0,0.0,9603.745213834594,106.8907151219599,35,3884787.7181389513
multipoint,7102,anneal,20260923,0.0,0.0,9603.745213834594,106.8076987227924,35,3901510.4093260933
multipoint,7146,anneal,20260923,0.0,0.0,9603.745213834594,106.76160377208872,35,3910586.718374511
multipoint,7277,anneal,20260923,0.0,0.0,9603.745213834594,105.37806263148937,35,3685355.3720251913
multipoint,7431,anneal,20260923,0.0,0.0,9523.310406056155,107.16647095331878,35,3749309.7264379347
multipoint,7439,anneal,20260923,0.0,0.0,9523.310406056155,107.14847324229999,35,3751050.8651393144
multipoint,7461,anneal,20260923,0.0,0.0,9523.310406056155,106.31310311786886,35,3684690.566881839
multipoint,7465,anneal,20260923,0.0,0.0,9523.310406056155,106.10242630631474,35,3684233.9960266864
multipoint,7498,anneal,20260923,0.0,0.0,9523.310406056155,105.86902965830244,35,3675909.1453698543
multipoint,7501,anneal,20260923,0.0,0.0,9523.310406056155,105.75700346358222,35,3676697.499338355
multipoint,7548,anneal,20260923,0.0,0.0,9523.310406056155,105.74312705397595,35,3681972.336913204
multipoint,7591,anneal,20260923,0.0,0.0,9509.273043412817,105.8282325565416,35,3674460.863447575
multipoint,7605,anneal,20260923,0.0,0.0,9509.273043412817,105.74312705397595,35,3680253.697025832
multipoint,7638,anneal,20260923,0.0,0.0,9507.675702736615,105.7555955088079,35,3695828.5598867643
multipoint,7648,anneal,20260923,0.0,0.0,9507.675702736615,105.545014278828,35,3694075.1583589376
multipoint,7681,anneal,20260923,0.0,0.0,9507.675702736615,105.53714390989492,35,3687053.5861728746
multipoint,7777,anneal,20260923,0.0,0.0,9507.675702736615,105.41815988176998,35,3658268.833320051
multipoint,7781,anneal,20260923,0.0,0.0,9507.675702736615,105.39031994628449,35,3654101.8242153623
multipoint,7793,anneal,20260923,0.0,0.0,9507.675702736615,105.3723222352657,35,3663368.440299948
multipoint,8195,anneal,20260923,0.0,0.0,9496.900605253062,105.33727736140082,35,3664593.164401353
multipoint,8370,anneal,20260923,0.0,0.0,9436.50586302171,102.02531931781384,35,3624112.915797718
multipoint,8740,anneal,20260923,0.0,0.0,9361.050800370607,98.41162081352175,34,3527845.5783816464
multipoint,8783,anneal,20260923,0.0,0.0,9361.050800370607,98.37236011250577,34,3549826.741003797
multipoint,8822,anneal,20260923,0.0,0.0,9361.050800370607,96.56024345294223,34,3532395.1608907892
multipoint,8900,anneal,20260923,0.0,0.0,9347.464893329072,96.67226964766245,34,3598398.54675988
multipoint,8913,anneal,20260923,0.0,0.0,9347.464893329072,96.56024345294223,34,3599186.900728381
multipoint,9076,anneal,20260923,0.0,0.0,9344.009014354897,96.6783004635098,34,3436285.6886016945
multipoint,9140,anneal,20260923,0.0,0.0,9111.584851319265,96.76320023888044,34,3389734.3751032096
multipoint,9142,anneal,20260923,0.0,0.0,9111.584851319265,96.68853829910086,34,3393606.4428089396
multipoint,9257,anneal,20260923,0.0,0.0,9089.210752541703,98.28286636121936,34,3392315.788418012
multipoint,9349,anneal,20260923,0.0,0.0,9089.210752541703,97.66003469450281,33,3394579.1585154054
multipoint,9371,anneal,20260923,0.0,0.0,8963.29565911541,97.6600346945028,33,3436331.2427148754
multipoint,9374,anneal,20260923,0.0,0.0,8963.29565911541,97.65450543831597,33,3451972.307360185
multipoint,9433,anneal,20260923,0.0,0.0,8963.29565911541,97.54800849978258,33,3437119.596683376
multipoint,9442,anneal,20260923,0.0,0.0,8963.29565911541,97.48239193334393,33,3408687.62707518
multipoint,9457,anneal,20260923,0.0,0.0,8963.29565911541,97.44153707974283,33,3403049.8015593383
multipoint,9511,anneal,20260923,0.0,0.0,8963.29565911541,97.4088460263109,33,3403524.9397541364
multipoint,9755,anneal,20260923,0.0,0.0,8953.040323336783,97.47945594666142,33,3478210.7782115615
multipoint,9809,anneal,20260923,0.0,0.0,8953.040323336783,97.35940668807191,33,3532032.079814159
multipoint,9812,anneal,20260923,0.0,0.0,8953.040323336783,96.16518693437537,33,3528663.4466572967
multipoint,10076,anneal,20260923,0.0,0.0,8953.040323336783,96.15475615222039,34,3468263.203416484
multipoint,10147,anneal,20260923,0.0,0.0,8953.040323336783,96.14413154539028,34,3557384.7844840013
multipoint,10220,anneal,20260923,0.0,0.0,8953.040323336783,95.96760794061885,34,3375411.600673748
multipoint,10221,anneal,20260923,0.0,0.0,8953.040323336783,95.50377304165767,34,3377150.8086616644
multipoint,10307,anneal,20260923,0.0,0.0,8878.851972490995,95.73092344020907,34,3375007.111743374
multipoint,10351,anneal,20260923,0.0,0.0,8874.188680791933,95.73645269639593,34,3361913.2222494776
multipoint,10666,anneal,20260923,0.0,0.0,8874.188680791933,94.28623415612931,33,3327407.0922513045
multipoint,10826,anneal,20260923,0.0,0.0,8874.188680791933,94.12433477627503,33,3304709.3765573893
multipoint,11031,anneal,20260923,0.0,0.0,8874.188680791933,94.11076661562522,33,3280540.3676558584
multipoint,11043,anneal,20260923,0.0,0.0,8874.188680791933,94.0827591326075,33,3277233.101233689
multipoint,11069,anneal,20260923,0.0,0.0,8874.188680791933,93.99087141855189,33,3275632.5839901464
multipoint,11102,anneal,20260923,0.0,0.0,8874.188680791933,93.99078807253336,33,3286033.6068278607
multipoint,11109,anneal,20260923,0.0,0.0,8874.188680791933,93.94311496965055,33,3285267.2921945443
multipoint,11128,anneal,20260923,0.0,0.0,8809.26862014539,93.98076657944755,32,3274644.1820209846
multipoint,11129,anneal,20260923,0.0,0.0,8799.035513799457,94.00877406246526,32,3277951.448443154
multipoint,11556,anneal,20260923,0.0,0.0,8799.035513799457,92.17222644158798,31,3387264.7400646885
multipoint,11614,anneal,20260923,0.0,0.0,8799.035513799457,92.06659102942095,31,3339302.834847731
multipoint,11642,anneal,20260923,0.0,0.0,8799.035513799457,92.06220190185542,31,3352345.527252206
multipoint,11647,anneal,20260923,0.0,0.0,8799.035513799457,92.05204599806069,31,3348782.8414809355
multipoint,11664,anneal,20260923,0.0,0.0,8799.035513799457,91.93199673947119,31,3344889.9636742454
multipoint,11789,anneal,20260923,0.0,0.0,8799.035513799457,91.87932092461722,31,3391763.1270355107
multipoint,12265,anneal,20260923,0.0,0.0,8745.264106940507,93.62780711729448,33,3327993.7340730675
multipoint,12274,anneal,20260923,0.0,0.0,8745.264106940507,92.53236029983469,32,3306159.870020031
multipoint,12295,anneal,20260923,0.0,0.0,8739.98502474629,92.53236029983469,32,3343756.2596599287
multipoint,12752,anneal,20260923,0.0,0.0,8713.722703196636,91.9138314105705,32,3317971.9448794564
multipoint,12776,anneal,20260923,0.0,0.0,8713.722703196636,91.58766067650355,32,3305008.6748819198
multipoint,12866,anneal,20260923,0.0,0.0,8638.532988584502,91.65410650230123,32,3285441.4283883926
multipoint,15541,anneal,20260923,0.0,0.0,8601.677327822235,92.24803375648523,32,3412521.8299018936
multipoint,15619,anneal,20260923,0.0,0.0,8601.677327822235,92.19242965304036,32,3417804.662942219
multipoint,15679,anneal,20260923,0.0,0.0,8601.677327822235,92.18742250630962,32,3408621.0937112193
multipoint,15795,anneal,20260923,0.0,0.0,8601.677327822235,91.94068141142048,32,3379805.5893795965
multipoint,16001,destroy_repair,20260923,0.0,0.0,8553.107824574283,91.83896276119745,32,3448331.495317601
multipoint,16004,destroy_repair,20260923,0.0,0.0,8452.714571118395,88.70791176231768,30,3356073.143973556
multipoint,16005,destroy_repair,20260923,0.0,0.0,8314.627518464029,89.60915907228876,31,3455122.8832519413
multipoint,16011,destroy_repair,20260923,0.0,0.0,8314.627518464029,89.59514747126248,31,3434316.6442102026
multipoint,16012,destroy_repair,20260923,0.0,0.0,8248.627518464029,89.70963784597996,31,3415462.02416301
multipoint,16015,destroy_repair,20260923,0.0,0.0,8187.619043161238,90.23174572455483,31,3433321.4573000325
multipoint,16016,destroy_repair,20260923,0.0,0.0,8187.619043161238,90.1283379400124,31,3427236.1796998796
multipoint,16018,destroy_repair,20260923,0.0,0.0,8187.619043161238,89.74197628147846,31,3420368.080190385
multipoint,16021,destroy_repair,20260923,0.0,0.0,8187.619043161238,89.59647417408351,31,3487701.4620918953
multipoint,16034,destroy_repair,20260923,0.0,0.0,8182.627518464029,89.60556328852614,31,3511106.284238696
multipoint,16044,destroy_repair,20260923,0.0,0.0,8182.627518464029,88.31416333097309,31,3473352.357449515
multipoint,16045,destroy_repair,20260923,0.0,0.0,8182.627518464029,87.55086777724007,31,3421241.0381358075
multipoint,16047,destroy_repair,20260923,0.0,0.0,8182.627518464029,87.06183973388502,31,3406740.020663344
multipoint,16050,destroy_repair,20260923,0.0,0.0,8182.627518464029,86.94576743852737,31,3362589.956297388
multipoint,16052,destroy_repair,20260923,0.0,0.0,8154.795427043536,87.9506811091772,31,3387444.4962608474
multipoint,16053,destroy_repair,20260923,0.0,0.0,8142.715069723701,89.08201487842675,32,3424600.7725357916
multipoint,16055,destroy_repair,20260923,0.0,0.0,8116.627518464029,88.77486327766192,32,3426776.266017939
multipoint,16060,destroy_repair,20260923,0.0,0.0,8050.627518464029,88.86086096819642,32,3412981.9507321976
multipoint,0,initial,20260924,0.0,0.0,9366.95051812057,99.65114145285045,30,3114910.5754961553
multipoint,15,anneal,20260924,0.0,0.0,9319.654128006416,99.65114145285045,30,3210387.882203871
multipoint,257,anneal,20260924,0.0,0.0,9241.447932666766,99.25265886936981,30,3409346.793082273
multipoint,309,anneal,20260924,0.0,0.0,9241.447932666766,99.2010342150416,30,3415530.906808524
multipoint,410,anneal,20260924,0.0,0.0,9225.41813832317,97.62642500536646,30,3320605.91669033
multipoint,431,anneal,20260924,0.0,0.0,9225.41813832317,97.6172993275538,30,3318630.5569405677
multipoint,456,anneal,20260924,0.0,0.0,9209.466875573004,97.62184267669552,30,3320295.2949703275
multipoint,460,anneal,20260924,0.0,0.0,9155.925673921896,99.08450295021348,30,3308618.3946513915
multipoint,2659,anneal,20260924,0.0,0.0,9151.45641438175,103.10651191944308,31,3455456.9173148875
multipoint,2761,anneal,20260924,0.0,0.0,9151.45641438175,103.00844896411624,31,3412048.3015080155
multipoint,2803,anneal,20260924,0.0,0.0,9151.45641438175,102.86735517818897,31,3434053.890252537
multipoint,2826,anneal,20260924,0.0,0.0,9151.45641438175,102.80891258710582,31,3426845.6052819723
multipoint,2870,anneal,20260924,0.0,0.0,9151.45641438175,102.7680181329203,31,3426812.547268483
multipoint,3708,anneal,20260924,0.0,0.0,9151.45641438175,101.25188300912276,31,3459813.138671321
multipoint,3782,anneal,20260924,0.0,0.0,9151.45641438175,101.22527750383023,31,3553012.325704941
multipoint,3851,anneal,20260924,0.0,0.0,9151.45641438175,100.80090380270293,31,3563719.1710965266
multipoint,3864,anneal,20260924,0.0,0.0,9151.45641438175,100.74246121161978,31,3556713.4871083833
multipoint,3920,anneal,20260924,0.0,0.0,9151.45641438175,98.4179168284191,30,3561418.953618762
multipoint,3929,anneal,20260924,0.0,0.0,9151.45641438175,98.40307230665663,30,3558777.6602680944
multipoint,3930,anneal,20260924,0.0,0.0,9104.996953405864,98.79618132365844,30,3557645.298585317
multipoint,3942,anneal,20260924,0.0,0.0,9104.996953405864,98.54000383356899,30,3516968.6432551714
multipoint,4013,anneal,20260924,0.0,0.0,8935.774752885922,98.54000383356899,30,3562914.345450802
multipoint,4028,anneal,20260924,0.0,0.0,8860.546235305283,98.54000383356899,30,3560363.9913223055
multipoint,4052,anneal,20260924,0.0,0.0,8860.546235305283,98.28605670919814,30,3575030.6088042036
multipoint,4109,anneal,20260924,0.0,0.0,8860.546235305283,98.15253774812929,30,3537020.18571608
multipoint,4162,anneal,20260924,0.0,0.0,8860.546235305283,98.09409515704614,30,3530014.5017279373
multipoint,4350,anneal,20260924,0.0,0.0,8833.622948525783,98.1109196565646,30,3489923.4438610207
multipoint,4388,anneal,20260924,0.0,0.0,8833.622948525783,97.52952374367352,30,3498500.963502821
multipoint,4616,anneal,20260924,0.0,0.0,8833.622948525783,97.36436239526763,30,3521910.4365471383
multipoint,4704,anneal,20260924,0.0,0.0,8833.622948525783,97.34415402136474,30,3504605.4806909566
multipoint,4706,anneal,20260924,0.0,0.0,8833.622948525783,97.20917215723743,30,3500177.4309613113
multipoint,5074,anneal,20260924,0.0,0.0,8585.109335921654,95.51862663651099,29,3423281.446578434
multipoint,5102,anneal,20260924,0.0,0.0,8585.109335921654,95.46018404542784,29,3416512.1304031163
multipoint,5125,anneal,20260924,0.0,0.0,8585.109335921654,95.4355932497426,29,3408496.0858348813
multipoint,5135,anneal,20260924,0.0,0.0,8585.109335921654,95.2868387825137,29,3404634.7641416783
multipoint,5187,anneal,20260924,0.0,0.0,8585.109335921654,95.28294168618767,29,3413446.784071573
multipoint,5268,anneal,20260924,0.0,0.0,8549.798925997424,95.83785785115953,29,3416978.5511586834
multipoint,5336,anneal,20260924,0.0,0.0,8549.798925997424,95.71580339022464,29,3479730.040771781
multipoint,5338,anneal,20260924,0.0,0.0,8544.404671682725,95.71580339022464,29,3479697.6752458923
multipoint,5351,anneal,20260924,0.0,0.0,8544.404671682725,95.4623385097332,29,3521316.435429902
multipoint,5511,anneal,20260924,0.0,0.0,8447.705097116968,94.82851329048019,29,3524666.5847708564
multipoint,5584,anneal,20260924,0.0,0.0,8447.705097116968,94.31260998935647,29,3508503.814726506
multipoint,5684,anneal,20260924,0.0,0.0,8439.51031672987,95.59779214942212,29,3523582.4885398983
multipoint,5687,anneal,20260924,0.0,0.0,8439.51031672987,95.46281028529481,29,3519154.438810253
multipoint,5711,anneal,20260924,0.0,0.0,8439.51031672987,95.13790754031854,29,3524634.375747422
multipoint,5712,anneal,20260924,0.0,0.0,8439.51031672987,94.42527995473847,29,3537769.73489012
multipoint,5777,anneal,20260924,0.0,0.0,8432.41729654305,94.22955903533673,29,3551467.5975189726
multipoint,5821,anneal,20260924,0.0,0.0,8432.41729654305,94.15765227410006,29,3489564.0543954168
multipoint,5829,anneal,20260924,0.0,0.0,8432.41729654305,93.92035635311858,29,3492526.3974602986
multipoint,5830,anneal,20260924,0.0,0.0,8432.417296543052,93.77160188588968,29,3488665.075767095
multipoint,5940,anneal,20260924,0.0,0.0,8312.870732939034,94.21650250981783,29,3487677.4405948
multipoint,5953,anneal,20260924,0.0,0.0,8312.870732939034,93.43966578730587,29,3456325.553771762
multipoint,6357,anneal,20260924,0.0,0.0,8291.00652382988,94.52471742795825,29,3471274.682742087
multipoint,6388,anneal,20260924,0.0,0.0,8291.00652382988,94.37596296072935,29,3467413.3610488838
multipoint,6547,anneal,20260924,0.0,0.0,8291.00652382988,93.74398360912028,29,3493414.712292484
multipoint,6553,anneal,20260924,0.0,0.0,8291.00652382988,93.48405684780117,29,3489063.2856072923
multipoint,6588,anneal,20260924,0.0,0.0,8273.27315890884,93.48405684780118,29,3491535.9234826313
multipoint,6810,anneal,20260924,0.0,0.0,8273.27315890884,93.15769599062311,29,3417096.644336382
multipoint,6857,anneal,20260924,0.0,0.0,8273.27315890884,92.90151850053365,29,3376419.989006237
multipoint,6985,anneal,20260924,0.0,0.0,8273.27315890884,92.855421351275,29,3388322.6064174986
multipoint,7023,anneal,20260924,0.0,0.0,8273.27315890884,92.84897893935471,29,3390073.228451824
multipoint,7097,anneal,20260924,0.0,0.0,8273.27315890884,92.4398794688487,29,3366061.3964007595
multipoint,8236,anneal,20260924,0.0,0.0,8250.29376491655,94.12931277449044,29,3455326.1497725206
multipoint,11230,anneal,20260924,0.0,0.0,8207.27315890884,90.19887714794167,28,3411803.2185919965
multipoint,11442,anneal,20260924,0.0,0.0,8207.27315890884,89.17287464310498,27,3345791.3324844227
multipoint,11455,anneal,20260924,0.0,0.0,8207.27315890884,88.56679237305671,27,3341230.290486313
multipoint,12005,anneal,20260924,0.0,0.0,8191.992285846288,88.1532346169953,27,3318064.9684084547
multipoint,12074,anneal,20260924,0.0,0.0,8191.992285846288,88.14245083472547,27,3280850.0787850944
multipoint,12088,anneal,20260924,0.0,0.0,8125.992285846288,90.86700319673453,28,3276763.8879754995
multipoint,12121,anneal,20260924,0.0,0.0,8125.992285846288,90.85387153171186,28,3267348.6721692733
multipoint,12495,anneal,20260924,0.0,0.0,8125.992285846288,89.47334240581243,27,3289370.218083962
multipoint,12524,anneal,20260924,0.0,0.0,8125.992285846288,89.47019447452396,27,3241893.136944573
multipoint,13460,anneal,20260924,0.0,0.0,8070.036654350036,90.93057569277703,30,3256999.9443227225
multipoint,13468,anneal,20260924,0.0,0.0,7999.7008583173765,90.93057569277703,30,3256999.9443227225
multipoint,13691,anneal,20260924,0.0,0.0,7992.385811814847,91.2664484400868,30,3308284.162827219
multipoint,13708,anneal,20260924,0.0,0.0,7992.385811814847,90.96189484936063,30,3298489.150927586
multipoint,13774,anneal,20260924,0.0,0.0,7992.385811814847,90.90177869669873,30,3290063.6146684596
multipoint,14011,anneal,20260924,0.0,0.0,7992.385811814847,90.78766980363255,30,3339986.2900630925
multipoint,14332,anneal,20260924,0.0,0.0,7992.385811814847,90.00256068299427,29,3320067.2808239595
multipoint,15816,anneal,20260924,0.0,0.0,7955.545912860444,89.3522843239767,29,3414448.15188561
multipoint,15827,anneal,20260924,0.0,0.0,7955.545912860444,88.95232143266705,29,3404499.575735072
multipoint,15828,anneal,20260924,0.0,0.0,7955.545912860444,88.9209179679564,29,3413814.6584316306
multipoint,15837,anneal,20260924,0.0,0.0,7955.545912860444,88.90758072531634,29,3411597.974597414
multipoint,16004,destroy_repair,20260924,0.0,0.0,7955.545912860444,88.74083732026352,29,3379686.767268426
multipoint,16005,destroy_repair,20260924,0.0,0.0,7955.545912860444,88.63772167314127,29,3396451.9788857205
multipoint,16007,destroy_repair,20260924,0.0,0.0,7719.751054961002,87.5525533978413,29,3394105.8436192027
multipoint,16008,destroy_repair,20260924,0.0,0.0,7719.751054961002,87.40699449426604,29,3406106.8765276615
multipoint,16009,destroy_repair,20260924,0.0,0.0,7719.751054961002,87.34355738105852,29,3403746.7619013675
multipoint,16013,destroy_repair,20260924,0.0,0.0,7719.751054961002,86.24104968850459,29,3408750.3989526564
multipoint,16014,destroy_repair,20260924,0.0,0.0,7719.751054961002,86.2358766868872,29,3397201.472682623
multipoint,16016,destroy_repair,20260924,0.0,0.0,7678.1768676380725,86.37067058070522,29,3331850.564075266
multipoint,16017,destroy_repair,20260924,0.0,0.0,7666.3489774368345,86.3804920219602,29,3325307.102453552
multipoint,16024,destroy_repair,20260924,0.0,0.0,7666.3489774368345,85.76943563190554,28,3271646.6999076162
multipoint,16026,destroy_repair,20260924,0.0,0.0,7593.020807157634,85.76943563190554,28,3222366.6005631806
multipoint,16037,destroy_repair,20260924,0.0,0.0,7593.020807157634,85.53434966339398,28,3264676.267568693
multipoint,16039,destroy_repair,20260924,0.0,0.0,7593.020807157634,85.52675573645979,28,3262994.9399570785
multipoint,16048,destroy_repair,20260924,0.0,0.0,7593.020807157634,85.02204735735657,28,3274480.704852168
multipoint,16049,destroy_repair,20260924,0.0,0.0,7593.020807157634,85.01214698098168,28,3281372.728655473
multipoint,16053,destroy_repair,20260924,0.0,0.0,7586.801933209534,85.5341227104956,28,3300674.1606870308
multipoint,16058,destroy_repair,20260924,0.0,0.0,7550.681631688423,85.4844250344052,28,3330147.3341006422
multipoint,16060,destroy_repair,20260924,0.0,0.0,7550.681631688423,85.48290100156946,28,3354353.6020055246
multipoint,0,initial,20260925,0.0,0.0,9386.541923598983,89.40310118777397,28,2854415.7634411
multipoint,16,anneal,20260925,0.0,0.0,8578.9706853736,89.44018429618457,28,2866537.192097766
multipoint,370,anneal,20260925,0.0,0.0,8530.723155309617,92.54958588315935,29,3184545.3337663147
multipoint,409,anneal,20260925,0.0,0.0,8530.723155309617,91.70937831151089,28,3134222.332200158
multipoint,414,anneal,20260925,0.0,0.0,8530.723155309617,91.57409181119193,28,3122464.110148139
multipoint,436,anneal,20260925,0.0,0.0,8530.723155309617,91.56319498896211,28,3119347.637538035
multipoint,1049,anneal,20260925,0.0,0.0,8447.616388312137,92.47367550691229,28,3256883.53727144
multipoint,1154,anneal,20260925,0.0,0.0,8357.653449316953,92.74824805829232,28,3288453.791405194
multipoint,1165,anneal,20260925,0.0,0.0,8357.653449316953,92.74403649346493,28,3288572.6646136115
multipoint,1182,anneal,20260925,0.0,0.0,8357.653449316953,92.73047447970652,28,3282385.082767255
multipoint,1236,anneal,20260925,0.0,0.0,8340.126430191918,92.85988424944054,28,3229731.432619121
multipoint,1245,anneal,20260925,0.0,0.0,8340.126430191918,92.79867807414345,28,3226202.5456012273
multipoint,1500,anneal,20260925,0.0,0.0,8340.126430191918,92.79720283399183,28,3236729.781784106
multipoint,1521,anneal,20260925,0.0,0.0,8299.066306067543,92.98089564387547,28,3250681.4761751755
multipoint,1782,anneal,20260925,0.0,0.0,8179.536822842248,93.89647253359557,28,3148188.8461167384
multipoint,2280,anneal,20260925,0.0,0.0,8118.339334571225,92.96838598813869,28,3245296.07229089
multipoint,2448,anneal,20260925,0.0,0.0,8118.339334571225,92.93560830845755,28,3234526.613008406
multipoint,2497,anneal,20260925,0.0,0.0,8118.339334571225,92.64364332239658,28,3302723.675026262
multipoint,2567,anneal,20260925,0.0,0.0,8118.339334571225,92.47312411934281,28,3237137.595564182
multipoint,2619,anneal,20260925,0.0,0.0,8118.339334571225,92.2243088966663,28,3195648.5579738077
multipoint,2631,anneal,20260925,0.0,0.0,8118.339334571225,92.02694945748328,28,3193343.4699018723
multipoint,3313,anneal,20260925,0.0,0.0,8118.339334571225,91.9753938368146,28,3260584.183233775
multipoint,3567,anneal,20260925,0.0,0.0,8118.339334571225,89.23821494303515,27,3292737.515617326
multipoint,5140,anneal,20260925,0.0,0.0,8118.339334571225,88.89097494333379,28,3120833.5056297495
multipoint,5453,anneal,20260925,0.0,0.0,8085.691282435848,89.57537562212171,28,3225645.392709955
multipoint,5475,anneal,20260925,0.0,0.0,8085.691282435848,89.55090725629725,28,3220815.0633803434
multipoint,5511,anneal,20260925,0.0,0.0,8085.691282435848,89.52238214959495,28,3221701.189021955
multipoint,5668,anneal,20260925,0.0,0.0,8085.691282435848,89.47860206800036,28,3273980.115872803
multipoint,5802,anneal,20260925,0.0,0.0,8022.071653505299,89.48215455751365,28,3284768.1172646447
multipoint,5836,anneal,20260925,0.0,0.0,8022.071653505299,89.43112263367767,28,3287267.4834276806
multipoint,5838,anneal,20260925,0.0,0.0,8022.071653505299,89.42757014416438,28,3286802.1150472816
multipoint,6116,anneal,20260925,0.0,0.0,8022.071653505299,89.02985389683579,28,3313387.4268760523
multipoint,6154,anneal,20260925,0.0,0.0,8022.071653505299,87.44414326695028,27,3281082.600980958
multipoint,6164,anneal,20260925,0.0,0.0,8017.077281458971,86.35673452114037,26,3278310.9099342567
multipoint,6171,anneal,20260925,0.0,0.0,7950.115611707537,86.35673452114038,26,3274133.86973861
multipoint,6182,anneal,20260925,0.0,0.0,7950.115611707537,86.35551266260963,26,3274422.8959435564
multipoint,6210,anneal,20260925,0.0,0.0,7950.115611707537,86.23217555047674,26,3206409.194566716
multipoint,8149,anneal,20260925,0.0,0.0,7931.699056760762,88.20852269665153,29,3339696.442436972
multipoint,8289,anneal,20260925,0.0,0.0,7923.6685163974835,87.66510564799977,29,3267809.2084360914
multipoint,8307,anneal,20260925,0.0,0.0,7923.6685163974835,87.5889004623992,29,3222788.13061503
multipoint,8321,anneal,20260925,0.0,0.0,7923.6685163974835,87.54221282356376,29,3213104.953094036
multipoint,8423,anneal,20260925,0.0,0.0,7905.566797093077,87.70991596328754,29,3264476.8663829053
multipoint,8488,anneal,20260925,0.0,0.0,7905.566797093077,87.68039841652244,29,3247402.18930043
multipoint,8566,anneal,20260925,0.0,0.0,7864.782813483628,85.22494542982443,28,3293176.2669916763
multipoint,9333,anneal,20260925,0.0,0.0,7864.782813483628,84.95975538716458,28,3240630.8534543947
multipoint,11572,anneal,20260925,0.0,0.0,7856.310710729066,87.07922277467276,29,3236931.3505729316
multipoint,11576,anneal,20260925,0.0,0.0,7856.310710729066,87.03329325512156,29,3219400.224256863
multipoint,11602,anneal,20260925,0.0,0.0,7856.310710729066,87.00387491015412,29,3224711.4011869514
multipoint,11629,anneal,20260925,0.0,0.0,7832.0713493916455,87.26298641451773,29,3202013.4309191485
multipoint,11901,anneal,20260925,0.0,0.0,7828.152032993659,87.48801826389324,29,3206441.7918051174
multipoint,11924,anneal,20260925,0.0,0.0,7828.152032993659,87.38014813574209,29,3199970.179244038
multipoint,11930,anneal,20260925,0.0,0.0,7828.152032993659,87.33231621989995,29,3198603.7056180015
multipoint,11968,anneal,20260925,0.0,0.0,7828.152032993659,87.313711946394,29,3194544.9919568854
multipoint,11982,anneal,20260925,0.0,0.0,7828.15203299366,87.28014193627853,29,3262119.14553938
multipoint,11985,anneal,20260925,0.0,0.0,7802.061902303308,87.28014193627853,29,3259526.1731290338
multipoint,14446,anneal,20260925,0.0,0.0,7802.061902303308,86.55429151240051,29,3372182.1980133103
multipoint,14570,anneal,20260925,0.0,0.0,7802.061902303308,86.54213335587201,29,3339198.1312874053
multipoint,15182,anneal,20260925,0.0,0.0,7802.061902303308,85.91184237397133,29,3407969.3213619245
multipoint,15191,anneal,20260925,0.0,0.0,7802.061902303308,85.80924515366327,29,3418592.220774469
multipoint,15203,anneal,20260925,0.0,0.0,7802.061902303308,85.70137502551212,29,3411185.7337694145
multipoint,15210,anneal,20260925,0.0,0.0,7802.061902303308,85.49419976100678,29,3410836.1013106904
multipoint,15351,anneal,20260925,0.0,0.0,7802.061902303308,84.80546475911788,28,3329429.366999327
multipoint,15374,anneal,20260925,0.0,0.0,7802.061902303308,84.77798608961263,28,3311879.7523621134
multipoint,15392,anneal,20260925,0.0,0.0,7802.061902303308,84.77471763169217,28,3319803.4688082957
multipoint,15408,anneal,20260925,0.0,0.0,7802.061902303308,84.71344587899158,28,3344465.489763987
multipoint,15545,anneal,20260925,0.0,0.0,7802.061902303308,83.82666600488291,27,3293421.5788689805
multipoint,16001,destroy_repair,20260925,0.0,0.0,7736.061902303308,85.7505773743453,28,3323055.3887826293
multipoint,16006,destroy_repair,20260925,0.0,0.0,7736.061902303308,85.72625987992384,28,3295038.7824205016
multipoint,16008,destroy_repair,20260925,0.0,0.0,7736.061902303308,85.72169094881816,28,3297107.1497094114
multipoint,16011,destroy_repair,20260925,0.0,0.0,7736.061902303308,85.61382082066702,28,3290635.5371483336
multipoint,16013,destroy_repair,20260925,0.0,0.0,7736.061902303308,85.48914974576941,28,3296402.28867992
multipoint,16014,destroy_repair,20260925,0.0,0.0,7736.061902303308,85.2694415586463,28,3271123.8984961617
multipoint,16015,destroy_repair,20260925,0.0,0.0,7736.061902303308,83.87498943139411,27,3166325.728487158
multipoint,16023,destroy_repair,20260925,0.0,0.0,7736.061902303308,83.84302225474954,27,3170096.4290997926
multipoint,16024,destroy_repair,20260925,0.0,0.0,7736.061902303308,83.79808126137226,27,3214511.697163689
multipoint,16027,destroy_repair,20260925,0.0,0.0,7736.061902303308,82.60831832427426,27,3230414.0612705112
multipoint,16030,destroy_repair,20260925,0.0,0.0,7720.50532626238,85.26821656081893,28,3258125.5093919933
multipoint,16032,destroy_repair,20260925,0.0,0.0,7672.180566049179,85.18962658899103,28,3302468.8071411178
multipoint,16034,destroy_repair,20260925,0.0,0.0,7669.055320706215,85.42721163373395,28,3304647.1074411506
multipoint,16049,destroy_repair,20260925,0.0,0.0,7657.630571605343,84.69686893936519,28,3234492.730855087
multipoint,0,initial,20260930,0.0,0.0,7550.681631688423,85.48290100156946,28,3354353.6020055246
multipoint,358,anneal,20260930,0.0,0.0,7547.004948872897,86.2219720602383,28,3332269.548064093
multipoint,370,anneal,20260930,0.0,0.0,7547.004948872897,86.22193903731173,28,3337034.9686587993
multipoint,413,anneal,20260930,0.0,0.0,7547.004948872897,86.2086485917392,28,3334952.263395854
multipoint,422,anneal,20260930,0.0,0.0,7545.592350864821,86.2086485917392,28,3344162.9670743984
multipoint,456,anneal,20260930,0.0,0.0,7545.592350864821,86.11740135739642,28,3319031.4286964242
multipoint,508,anneal,20260930,0.0,0.0,7545.59235086482,85.82057912856224,28,3339959.0556332017
multipoint,520,anneal,20260930,0.0,0.0,7545.59235086482,85.62892374145738,28,3327284.204493661
multipoint,528,anneal,20260930,0.0,0.0,7545.59235086482,85.56553171447932,28,3321906.2910354985
multipoint,575,anneal,20260930,0.0,0.0,7545.59235086482,85.16556882316966,28,3312075.668862498
multipoint,7510,anneal,20260930,0.0,0.0,7545.592350864819,85.05747964999796,28,3118242.0976517424
multipoint,7527,anneal,20260930,0.0,0.0,7545.592350864819,85.02819761302341,28,3117239.0442056907
multipoint,7546,anneal,20260930,0.0,0.0,7545.592350864819,84.95016537404894,28,3101104.374246394
multipoint,7571,anneal,20260930,0.0,0.0,7545.592350864819,84.85377411301567,28,3104044.165937577
multipoint,7577,anneal,20260930,0.0,0.0,7545.592350864819,84.45381122170602,28,3092322.387022644
multipoint,12042,anneal,20260930,0.0,0.0,7545.592350864819,84.40948370476285,28,3092938.8359632962
multipoint,12168,anneal,20260930,0.0,0.0,7529.271548607097,84.57948451971383,28,3171554.3724727533
multipoint,13118,anneal,20260930,0.0,0.0,7502.859271332245,83.97309567614796,28,3160263.685939414
multipoint,13121,anneal,20260930,0.0,0.0,7502.859271332245,83.87704196381871,28,3146516.4627790027
multipoint,13209,anneal,20260930,0.0,0.0,7496.323172342965,84.51031203618014,28,3179010.6860083905
multipoint,14382,anneal,20260930,0.0,0.0,7479.592350864819,82.61436222603027,28,3134294.6987697408
multipoint,14951,anneal,20260930,0.0,0.0,7472.6979499505005,83.57594075914609,29,3207900.3087709574
multipoint,15174,anneal,20260930,0.0,0.0,7472.6979499505005,83.53447093589432,29,3285550.916980299
multipoint,15704,anneal,20260930,0.0,0.0,7472.6979499505005,83.03620580877788,28,3260325.3889790894
multipoint,15714,anneal,20260930,0.0,0.0,7472.6979499505005,82.95817356980342,28,3244371.060194311
multipoint,15818,anneal,20260930,0.0,0.0,7472.6979499505005,82.91111323004515,28,3211563.2011074405
multipoint,15932,anneal,20260930,0.0,0.0,7472.6979499505005,82.80756822170652,27,3156893.4974565613
multipoint,15947,anneal,20260930,0.0,0.0,7472.6979499505005,82.64794539868714,27,3064134.0389505066
multipoint,15983,anneal,20260930,0.0,0.0,7472.6979499505005,82.62981494919238,27,3027102.361751833
multipoint,18159,anneal,20260930,0.0,0.0,7466.507361256981,85.42753063393751,29,3297377.885770347
multipoint,18191,anneal,20260930,0.0,0.0,7466.507361256981,85.40489527705253,29,3320971.7260996187
multipoint,22422,anneal,20260930,0.0,0.0,7430.383624366819,84.7324322819323,27,3243447.115587221
multipoint,22456,anneal,20260930,0.0,0.0,7430.383624366819,84.71874856928622,27,3225181.57818057
multipoint,22475,anneal,20260930,0.0,0.0,7430.383624366819,84.62817287253141,27,3217653.193381997
multipoint,22484,anneal,20260930,0.0,0.0,7430.383624366819,84.4931910084041,27,3213225.1436523516
multipoint,22531,anneal,20260930,0.0,0.0,7430.383624366819,84.0563613594294,27,3193976.934345469
multipoint,22792,anneal,20260930,0.0,0.0,7424.286107028014,85.48953089243304,27,3190165.5620388137
multipoint,23007,anneal,20260930,0.0,0.0,7424.286107028014,84.75953450710152,26,3211684.440756301
multipoint,23032,anneal,20260930,0.0,0.0,7424.286107028014,84.69711045330583,26,3209833.1361008957
multipoint,23037,anneal,20260930,0.0,0.0,7424.286107028014,84.57463097791772,26,3195730.3538429723
multipoint,23065,anneal,20260930,0.0,0.0,7424.286107028014,84.52893327732484,26,3215432.5247981753
multipoint,28037,anneal,20260930,0.0,0.0,7424.286107028014,84.43031805104067,26,3259960.7617984144
multipoint,28044,anneal,20260930,0.0,0.0,7424.286107028014,83.57596864159467,26,3225340.4826457156
multipoint,30060,anneal,20260930,0.0,0.0,7424.286107028014,83.56753061351544,27,3191942.1928565623
multipoint,30110,anneal,20260930,0.0,0.0,7424.286107028014,83.52625481807058,27,3282425.878647409
multipoint,30117,anneal,20260930,0.0,0.0,7424.286107028014,83.48389424858752,27,3270775.7572274148
multipoint,30119,anneal,20260930,0.0,0.0,7424.286107028014,83.4730457803621,27,3260980.4782072925
multipoint,30150,anneal,20260930,0.0,0.0,7424.286107028014,83.40949610212249,27,3273692.6724375044
multipoint,30181,anneal,20260930,0.0,0.0,7424.286107028014,83.16000781171364,27,3273817.221481479
multipoint,30260,anneal,20260930,0.0,0.0,7424.286107028014,82.95323571439845,27,3344307.3116842955
multipoint,31796,anneal,20260930,0.0,0.0,7424.286107028014,82.57813228394478,28,3285923.5830241065
multipoint,31948,anneal,20260930,0.0,0.0,7424.286107028014,82.38143562672765,28,3294134.702539472
multipoint,31957,anneal,20260930,0.0,0.0,7424.286107028014,82.33988539172503,28,3285634.8338019876
multipoint,31962,anneal,20260930,0.0,0.0,7424.286107028014,82.19432648814981,28,3285700.941306101
multipoint,31972,anneal,20260930,0.0,0.0,7424.286107028014,82.03600771147678,28,3286071.587851527
multipoint,31991,anneal,20260930,0.0,0.0,7424.286107028014,81.92417561945854,28,3268651.3690432627
multipoint,34644,anneal,20260930,0.0,0.0,7389.894551011689,84.61711572702126,29,3233576.5869589355
multipoint,34704,anneal,20260930,0.0,0.0,7389.894551011689,84.15066367772683,29,3233157.185410418
multipoint,34714,anneal,20260930,0.0,0.0,7389.894551011689,83.99564882110836,29,3229735.1756834514
multipoint,34919,anneal,20260930,0.0,0.0,7389.894551011689,83.91338213079928,29,3252360.4187937514
multipoint,34946,anneal,20260930,0.0,0.0,7389.894551011689,83.86298117410868,29,3254218.814037154
multipoint,35325,anneal,20260930,0.0,0.0,7389.894551011689,83.52968248102337,28,3243286.186246602
multipoint,35573,anneal,20260930,0.0,0.0,7389.894551011689,83.4734965551216,29,3265989.235244414
multipoint,35591,anneal,20260930,0.0,0.0,7389.894551011689,83.40980515285847,29,3257264.3276914046
multipoint,35603,anneal,20260930,0.0,0.0,7389.894551011689,82.84469924287676,29,3231899.4475515014
multipoint,56129,anneal,20260930,0.0,0.0,7389.894551011689,82.83297761643595,28,3156198.5494923727
multipoint,60026,anneal,20260930,0.0,0.0,7389.894551011689,82.63907777772224,28,3132238.2985040066
multipoint,60051,anneal,20260930,0.0,0.0,7389.894551011689,82.61685895530347,28,3131716.8718026443
multipoint,60066,anneal,20260930,0.0,0.0,7389.894551011689,82.11645728683787,28,3128229.4675112176
multipoint,60488,anneal,20260930,0.0,0.0,7373.4415400933285,82.93042731433812,29,3253128.894305901
multipoint,60612,anneal,20260930,0.0,0.0,7358.286107028014,84.96078841225528,29,3322269.6907627974
multipoint,60692,anneal,20260930,0.0,0.0,7358.286107028014,84.80674504381307,29,3324376.686064134
multipoint,60697,anneal,20260930,0.0,0.0,7358.286107028014,84.61586654052199,29,3321406.395695944
multipoint,62368,anneal,20260930,0.0,0.0,7358.286107028014,83.76310380780657,27,3150105.1371495705
multipoint,62452,anneal,20260930,0.0,0.0,7358.286107028014,83.51133468577203,27,3216323.044076858
multipoint,62559,anneal,20260930,0.0,0.0,7358.286107028014,83.5019578194758,27,3234359.8948578686
multipoint,62777,anneal,20260930,0.0,0.0,7358.286107028014,83.48281055613921,27,3202742.300269313
multipoint,62784,anneal,20260930,0.0,0.0,7358.286107028014,83.46667207980555,27,3220366.715930397
multipoint,62802,anneal,20260930,0.0,0.0,7358.286107028014,83.27579357651447,27,3247479.1037597978
multipoint,63034,anneal,20260930,0.0,0.0,7358.286107028014,82.8187179177708,27,3176549.376109219
multipoint,63059,anneal,20260930,0.0,0.0,7358.286107028014,82.80257944143712,27,3167715.245379229
multipoint,63064,anneal,20260930,0.0,0.0,7358.286107028014,82.75640323037608,27,3149951.0197571754
multipoint,63067,anneal,20260930,0.0,0.0,7358.286107028014,82.73339339254262,27,3162748.8247512477
multipoint,63086,anneal,20260930,0.0,0.0,7358.286107028014,82.66970199027949,27,3154023.9171982384
multipoint,63093,anneal,20260930,0.0,0.0,7358.286107028014,82.62927139493115,27,3191841.9866818176
multipoint,63126,anneal,20260930,0.0,0.0,7358.286107028014,82.34500184253373,27,3189535.922091813
multipoint,63132,anneal,20260930,0.0,0.0,7358.286107028014,82.30394630962337,27,3212338.8077406124
multipoint,63141,anneal,20260930,0.0,0.0,7358.286107028014,82.29065586405086,27,3194847.6892747544
multipoint,63862,anneal,20260930,0.0,0.0,7355.372189380899,84.18951591233193,27,3070418.3389482023
multipoint,63911,anneal,20260930,0.0,0.0,7355.372189380899,84.15638657205947,27,3047450.9270779714
multipoint,63921,anneal,20260930,0.0,0.0,7355.372189380899,83.87211701966206,27,3047721.5217685313
multipoint,96017,anneal,20260930,0.0,0.0,7337.852264729949,83.83755107373646,27,3057100.338677878
multipoint,100013,destroy_repair,20260930,0.0,0.0,7337.852264729949,83.70452805850422,27,3054018.69118324
multipoint,100017,destroy_repair,20260930,0.0,0.0,7337.852264729949,83.52691131322024,27,3056480.565746599
multipoint,100025,destroy_repair,20260930,0.0,0.0,7337.852264729949,82.86846774003592,27,3083448.5731335394
multipoint,100031,destroy_repair,20260930,0.0,0.0,7337.852264729949,82.47986856504934,27,3042045.9318133486
multipoint,100040,destroy_repair,20260930,0.0,0.0,7337.852264729949,82.37412295350477,27,3051678.2434328757
multipoint,100045,destroy_repair,20260930,0.0,0.0,7333.9488358459,81.90044956504941,27,3142557.58573588
multipoint,100050,destroy_repair,20260930,0.0,0.0,7229.489150015777,82.14206776104253,27,3208471.2011384103
multipoint,100060,destroy_repair,20260930,0.0,0.0,7229.489150015777,81.99571257003021,27,3241718.829975552
multipoint,100061,destroy_repair,20260930,0.0,0.0,7229.489150015777,81.84940953163778,27,3213298.480163276
multipoint,100064,destroy_repair,20260930,0.0,0.0,7229.489150015777,81.80723715738333,27,3208426.2974640667
multipoint,100096,destroy_repair,20260930,0.0,0.0,7229.489150015777,81.68520066166747,27,3192499.125455025
multipoint,100098,destroy_repair,20260930,0.0,0.0,7229.489150015777,81.56052735872876,27,3165342.663922195
multipoint,100102,destroy_repair,20260930,0.0,0.0,7229.489150015777,79.8310529204388,27,3100295.2260464337
multipoint,100109,destroy_repair,20260930,0.0,0.0,7212.0427663191185,80.06889241890045,27,3099595.3025688827
multipoint,100117,destroy_repair,20260930,0.0,0.0,7201.9488358459,80.8720283694947,28,3170735.519379091
multipoint,100120,destroy_repair,20260930,0.0,0.0,7188.299551750846,80.99981551008123,28,3111851.334036067
multipoint,100153,destroy_repair,20260930,0.0,0.0,7188.299551750846,80.74764388291852,28,3109471.509304868
multipoint,100165,destroy_repair,20260930,0.0,0.0,7179.011141242132,80.6650802954534,28,3153532.8655815525
multipoint,100169,destroy_repair,20260930,0.0,0.0,7171.3181024659425,80.6650802954534,28,3152108.30197384
multipoint,100171,destroy_repair,20260930,0.0,0.0,7171.3181024659425,80.6272394312022,28,3131935.3884777944
multipoint,100190,destroy_repair,20260930,0.0,0.0,7166.028191878098,78.89437637008267,28,3123686.7371763545
multipoint,100220,destroy_repair,20260930,0.0,0.0,7166.028191878098,78.84458297400155,28,3194148.536019012
multipoint,0,initial,20260931,0.0,0.0,7166.028191878098,78.84458297400155,28,3194148.536019012
multipoint,4014,anneal,20260931,0.0,0.0,7146.0427663191185,78.90426399166194,28,3210827.58554383
multipoint,20015,anneal,20260931,0.0,0.0,7146.0427663191185,77.76515438166388,27,3208123.264997976
multipoint,32014,anneal,20260931,0.0,0.0,7141.4014932694445,77.76515438166386,27,3194474.1656315397
multipoint,32026,anneal,20260931,0.0,0.0,7135.9488358459,77.76515438166386,27,3172403.6548102116
multipoint,100005,destroy_repair,20260931,0.0,0.0,7122.299551750846,77.53664065414974,27,3216471.5594438273
multipoint,100011,destroy_repair,20260931,0.0,0.0,7122.299551750846,77.47695963648937,27,3208506.7357094246
multipoint,100023,destroy_repair,20260931,0.0,0.0,7122.299551750846,77.47630267775504,27,3161527.9230354317
multipoint,100031,destroy_repair,20260931,0.0,0.0,7122.299551750846,77.47093559639356,27,3156787.740336222
multipoint,100038,destroy_repair,20260931,0.0,0.0,7122.299551750846,76.54356630617669,27,3130599.554652381
multipoint,100044,destroy_repair,20260931,0.0,0.0,7080.0427663191185,78.07590256189896,28,3156002.259628993
multipoint,100045,destroy_repair,20260931,0.0,0.0,7069.9488358459,78.15154366628155,28,3171757.9962009727
multipoint,100110,destroy_repair,20260931,0.0,0.0,7053.032400479067,78.62524624201544,28,3231666.275587501
multipoint,100115,destroy_repair,20260931,0.0,0.0,7053.032400479067,78.57981437605089,28,3188512.4485954093
multipoint,100123,destroy_repair,20260931,0.0,0.0,7053.032400479067,78.55026401702442,28,3183916.2658961997
multipoint,100124,destroy_repair,20260931,0.0,0.0,7039.496152812035,77.73765745407105,28,3214077.6688850108
multipoint,100213,destroy_repair,20260931,0.0,0.0,7017.196881162877,77.82377247931717,28,3186957.108974714
multipoint,0,initial,20260932,0.0,0.0,7017.196881162877,77.82377247931717,28,3186957.108974714
multipoint,26595,anneal,20260932,0.0,0.0,7002.674125066998,78.0734733922941,27,3104278.452942107
multipoint,26698,anneal,20260932,0.0,0.0,7002.674125066998,77.91479238169613,27,3103893.4394939323
multipoint,26704,anneal,20260932,0.0,0.0,7002.674125066998,77.84053030933731,27,3088099.7032518187
multipoint,27026,anneal,20260932,0.0,0.0,7002.674125066998,77.34199197735757,26,3180317.5612680134
multipoint,27226,anneal,20260932,0.0,0.0,6966.2780763833025,80.04096014672126,26,3271941.251919871
multipoint,27266,anneal,20260932,0.0,0.0,6966.2780763833025,80.0248216703876,26,3281718.511570851
multipoint,27316,anneal,20260932,0.0,0.0,6962.443983839965,80.75454584465396,26,3303961.1113541485
multipoint,28033,anneal,20260932,0.0,0.0,6942.674125066998,80.08888785386583,26,3275979.2401018166
multipoint,36161,anneal,20260932,0.0,0.0,6942.674125066998,79.90248315147286,26,3272104.811462045
multipoint,36179,anneal,20260932,0.0,0.0,6942.674125066998,79.82822107911406,26,3256311.0752199315
multipoint,73730,anneal,20260932,0.0,0.0,6933.56381955139,78.22522588544832,27,3166409.6038158606
multipoint,73747,anneal,20260932,0.0,0.0,6933.56381955139,78.18400069901567,27,3144967.238411465
multipoint,73749,anneal,20260932,0.0,0.0,6933.56381955139,78.10973862665683,27,3128916.0603185077
multipoint,73778,anneal,20260932,0.0,0.0,6933.56381955139,78.1022818300676,27,3134530.507373255
multipoint,73808,anneal,20260932,0.0,0.0,6933.56381955139,78.08614335373392,27,3140354.4473099983
multipoint,73929,anneal,20260932,0.0,0.0,6933.56381955139,78.08486833342766,27,3101066.2624246967
multipoint,74361,anneal,20260932,0.0,0.0,6933.56381955139,78.06102393528633,27,3136907.7395959334
multipoint,74474,anneal,20260932,0.0,0.0,6933.56381955139,78.0561691501497,27,3102598.4976963005
multipoint,74514,anneal,20260932,0.0,0.0,6933.56381955139,78.04240787644993,27,3052233.1596241356
multipoint,74517,anneal,20260932,0.0,0.0,6933.56381955139,78.03495107986069,27,3057847.606678883
multipoint,74686,anneal,20260932,0.0,0.0,6933.56381955139,78.02601225519416,27,3096239.808810415
multipoint,74786,anneal,20260932,0.0,0.0,6933.56381955139,78.01242565316204,27,3091357.4879065347
multipoint,74855,anneal,20260932,0.0,0.0,6933.56381955139,77.97238189253383,27,3078326.798290393
multipoint,74934,anneal,20260932,0.0,0.0,6933.56381955139,77.95624341620015,27,3061388.937799567
multipoint,75241,anneal,20260932,0.0,0.0,6933.56381955139,77.59847889224383,27,3062161.439811068
multipoint,75724,anneal,20260932,0.0,0.0,6933.56381955139,77.57084030784328,27,3074247.351363322
multipoint,88029,anneal,20260932,0.0,0.0,6933.56381955139,77.03556243354929,27,3059409.2816661927
multipoint,89416,anneal,20260932,0.0,0.0,6904.461495690661,79.5201443709482,27,3083261.2952089836
multipoint,89423,anneal,20260932,0.0,0.0,6904.461495690661,79.31421074619549,27,3065633.2476316006
multipoint,89440,anneal,20260932,0.0,0.0,6904.461495690661,79.31098931014637,27,3059508.57497582
multipoint,89452,anneal,20260932,0.0,0.0,6904.461495690661,79.3039371837466,27,3077413.1234443733
multipoint,89464,anneal,20260932,0.0,0.0,6904.461495690661,79.27111033404911,27,3077554.951406078
multipoint,89643,anneal,20260932,0.0,0.0,6904.461495690661,78.30924267882042,26,2979442.937757162
multipoint,92049,anneal,20260932,0.0,0.0,6904.461495690661,78.26935431202118,26,2974677.691932527
multipoint,100005,destroy_repair,20260932,0.0,0.0,6873.407211287635,78.21795389735911,26,2979518.9456032882
multipoint,100026,destroy_repair,20260932,0.0,0.0,6873.407211287635,78.20002684886514,26,2992063.8718733205
multipoint,100030,destroy_repair,20260932,0.0,0.0,6873.407211287635,78.0761949912451,26,2999043.3646244076
multipoint,100037,destroy_repair,20260932,0.0,0.0,6873.407211287635,77.5644719724444,26,2999061.8090358195
multipoint,100049,destroy_repair,20260932,0.0,0.0,6867.56381955139,78.21247665851489,27,3017605.995725634
multipoint,100056,destroy_repair,20260932,0.0,0.0,6852.841186938624,78.12938877692754,27,3056770.7878162772
multipoint,100075,destroy_repair,20260932,0.0,0.0,6852.841186938624,78.09656192723006,27,3056912.615777981
multipoint,100083,destroy_repair,20260932,0.0,0.0,6839.393780401922,77.67742130161425,27,3066638.0480761076
multipoint,100084,destroy_repair,20260932,0.0,0.0,6839.393780401922,77.4560628094518,27,3053219.1844079485
multipoint,100087,destroy_repair,20260932,0.0,0.0,6839.393780401922,77.38724816302674,27,3044945.3654820034
multipoint,100088,destroy_repair,20260932,0.0,0.0,6839.393780401922,77.2468915305936,27,3022562.830459974
multipoint,100092,destroy_repair,20260932,0.0,0.0,6838.461495690661,77.02658964370112,27,3026777.2840948785
multipoint,100093,destroy_repair,20260932,0.0,0.0,6838.461495690661,76.63637701477946,27,3019552.6023036893
multipoint,100095,destroy_repair,20260932,0.0,0.0,6838.461495690661,76.39620873667634,27,2991537.9918238427
multipoint,100108,destroy_repair,20260932,0.0,0.0,6838.461495690661,76.3900163265089,27,3021763.0600202177
multipoint,100113,destroy_repair,20260932,0.0,0.0,6838.461495690661,76.33867918198128,27,2991688.5173949534
multipoint,100120,destroy_repair,20260932,0.0,0.0,6838.461495690661,75.73094383116037,27,2976434.115789702
multipoint,100125,destroy_repair,20260932,0.0,0.0,6838.461495690661,75.55160124239904,27,3012357.5735460175
multipoint,100130,destroy_repair,20260932,0.0,0.0,6838.461495690661,75.24768584844587,27,2988480.332744669
multipoint,100133,destroy_repair,20260932,0.0,0.0,6838.461495690661,74.36327818598544,27,2991145.806222777
multipoint,100134,destroy_repair,20260932,0.0,0.0,6838.461495690661,74.36005674993632,27,3009796.7286516763
multipoint,100144,destroy_repair,20260932,0.0,0.0,6838.461495690661,74.28146677810844,27,2993086.5708141364
multipoint,100151,destroy_repair,20260932,0.0,0.0,6838.461495690661,74.23057176149649,27,2987614.097301486
multipoint,100160,destroy_repair,20260932,0.0,0.0,6838.461495690661,74.21393385474616,27,3004592.9743880946
multipoint,100161,destroy_repair,20260932,0.0,0.0,6838.461495690661,73.85756644855833,27,2965170.135026263
multipoint,100193,destroy_repair,20260932,0.0,0.0,6838.461495690661,73.07691290354023,27,3002629.16916288
multipoint,100206,destroy_repair,20260932,0.0,0.0,6772.461495690661,73.33931189192326,27,3050813.2788250213
multipoint,0,initial,20260933,0.0,0.0,6772.461495690661,73.33931189192326,27,3050813.2788250213
multipoint,166,anneal,20260933,0.0,0.0,6768.279981825073,73.56777094337461,27,2989746.1485847854
multipoint,24034,anneal,20260933,0.0,0.0,6768.279981825073,73.37847522537221,27,2935437.881621738
multipoint,24065,anneal,20260933,0.0,0.0,6768.279981825073,73.3618373186219,27,2941507.187729723
multipoint,24105,anneal,20260933,0.0,0.0,6687.115104630006,73.3618373186219,27,2970419.1055548177
multipoint,63935,anneal,20260933,0.0,0.0,6673.83963540118,76.29129344931356,28,3071668.747018755
multipoint,64064,anneal,20260933,0.0,0.0,6673.83963540118,76.26876802261492,28,3057330.680093278
multipoint,64080,anneal,20260933,0.0,0.0,6673.83963540118,75.64434511141769,28,3034137.088841907
multipoint,68005,anneal,20260933,0.0,0.0,6673.83963540118,74.99215884236827,28,3026098.973906879
multipoint,68006,anneal,20260933,0.0,0.0,6673.83963540118,74.97602036603459,28,3031857.6426726733
multipoint,68043,anneal,20260933,0.0,0.0,6673.83963540118,74.44450983086097,27,3017480.863859299
multipoint,68385,anneal,20260933,0.0,0.0,6673.83963540118,73.96112488201028,27,2990643.3623482483
multipoint,68567,anneal,20260933,0.0,0.0,6673.83963540118,73.93419160954518,27,3032095.6426774845
multipoint,68634,anneal,20260933,0.0,0.0,6673.83963540118,73.90574600298602,27,3028869.839759992
multipoint,76003,anneal,20260933,0.0,0.0,6673.83963540118,73.81454923613366,27,3031554.9663939923
multipoint,92071,anneal,20260933,0.0,0.0,6673.83963540118,73.80777978943824,27,3068918.8232262987
multipoint,100001,destroy_repair,20260933,0.0,0.0,6673.83963540118,72.76544725193565,27,3057911.2331992
multipoint,100009,destroy_repair,20260933,0.0,0.0,6673.83963540118,72.74930877560197,27,3063697.875323972
multipoint,100012,destroy_repair,20260933,0.0,0.0,6668.519518173908,73.70355799466186,27,3100969.3310406986
multipoint,100034,destroy_repair,20260933,0.0,0.0,6607.83963540118,73.6425273025904,27,3092985.9850543058
multipoint,100116,destroy_repair,20260933,0.0,0.0,6607.83963540118,73.54089090321402,27,3098733.4558544443
multipoint,0,initial,20260934,0.0,0.0,6607.83963540118,73.54089090321402,27,3098733.4558544443
multipoint,207,anneal,20260934,0.0,0.0,6607.83963540118,73.52688091276056,27,3107586.6270997836
multipoint,52063,anneal,20260934,0.0,0.0,6607.83963540118,73.11730506160771,27,3091332.5286940397
multipoint,52361,anneal,20260934,0.0,0.0,6607.83963540118,73.06161551848021,27,3032263.841784722
multipoint,52363,anneal,20260934,0.0,0.0,6607.83963540118,72.99946719276053,27,3015247.222897422
multipoint,96026,anneal,20260934,0.0,0.0,6607.83963540118,72.92440890224185,27,3007986.1453969907
multipoint,100010,destroy_repair,20260934,0.0,0.0,6607.83963540118,72.90827042590817,27,3013810.0853337343
multipoint,100073,destroy_repair,20260934,0.0,0.0,6607.83963540118,72.80947574060202,27,3014848.620929826
multipoint,0,initial,20260935,0.0,0.0,6607.83963540118,72.80947574060202,27,3014848.620929826
multipoint,1687,anneal,20260935,0.0,0.0,6602.817405342039,75.1125391001255,27,3049907.319661295
multipoint,2072,anneal,20260935,0.0,0.0,6602.519518173908,75.11253910012552,27,3002804.945780194
multipoint,3106,anneal,20260935,0.0,0.0,6602.519518173908,74.8654310667699,27,2948867.1209546505
multipoint,3719,anneal,20260935,0.0,0.0,6602.519518173908,74.77423429991754,27,2950050.3589795385
multipoint,47465,anneal,20260935,0.0,0.0,6602.519518173908,74.60339769474585,27,2954383.024081355
multipoint,88346,anneal,20260935,0.0,0.0,6602.519518173908,74.52833940422717,27,3023577.5701175216
multipoint,92633,anneal,20260935,0.0,0.0,6602.519518173908,74.52290376335293,27,3075604.4353535078
multipoint,92671,anneal,20260935,0.0,0.0,6602.519518173908,74.50676528701926,27,3081428.3752902513
multipoint,100106,destroy_repair,20260935,0.0,0.0,6602.519518173908,74.43863897779849,27,3082239.1854662593
multipoint,100141,destroy_repair,20260935,0.0,0.0,6602.519518173908,74.41763036376466,27,3081805.99326289
multipoint,0,initial,20260936,0.0,0.0,6602.519518173908,74.41763036376466,27,3081805.99326289
multipoint,100080,destroy_repair,20260936,0.0,0.0,6602.519518173908,74.39474317273812,27,3092148.937630653
multipoint,0,initial,20260937,0.0,0.0,6602.519518173908,74.39474317273812,27,3092148.937630653
multipoint,0,initial,20260938,0.0,0.0,6602.519518173908,74.39474317273812,27,3092148.937630653
multipoint,41038,anneal,20260938,0.0,0.0,6602.519518173908,74.36046593872219,27,3043472.0833688537
multipoint,72569,anneal,20260938,0.0,0.0,6597.763825841848,75.11937929734957,27,2970580.7955629863
multipoint,72628,anneal,20260938,0.0,0.0,6597.763825841847,74.77264658528331,27,2960583.7721547694
multipoint,72720,anneal,20260938,0.0,0.0,6597.763825841848,74.75650810894963,27,2983230.88476648
multipoint,92290,anneal,20260938,0.0,0.0,6597.763825841847,74.59772737550337,27,2975979.0368634956
multipoint,92336,anneal,20260938,0.0,0.0,6597.763825841847,74.34570276354694,27,2956635.446637152
multipoint,92993,anneal,20260938,0.0,0.0,6596.282104711544,75.43091842102757,27,3058416.213163774
multipoint,93187,anneal,20260938,0.0,0.0,6596.282104711544,75.06804723262763,27,3054243.1296923
multipoint,93239,anneal,20260938,0.0,0.0,6580.960426903036,75.44033226724414,27,3081420.3176467833
multipoint,93779,anneal,20260938,0.0,0.0,6580.960426903036,75.42419379091046,27,3077966.91906158
multipoint,93784,anneal,20260938,0.0,0.0,6580.960426903036,75.2654130574642,27,3075597.4651470524
multipoint,93878,anneal,20260938,0.0,0.0,6580.960426903036,74.90254186906427,27,3067598.355115111
multipoint,100048,destroy_repair,20260938,0.0,0.0,6580.960426903036,74.89932043301513,27,3012245.7413859684
multipoint,100071,destroy_repair,20260938,0.0,0.0,6580.960426903036,73.94197225440462,27,3023467.3903816654
multipoint,100078,destroy_repair,20260938,0.0,0.0,6580.960426903036,73.87230610267298,27,3016008.381482638
multipoint,0,initial,20260939,0.0,0.0,6580.960426903036,73.87230610267298,27,3016008.381482638
multipoint,64025,anneal,20260939,0.0,0.0,6559.680624481365,75.2420176275916,27,3070166.8812357155
multipoint,64073,anneal,20260939,0.0,0.0,6547.832868156684,75.24201762759161,27,3040989.158449816
multipoint,64076,anneal,20260939,0.0,0.0,6547.832868156684,74.10189585660451,26,3030430.0618650354
multipoint,68054,anneal,20260939,0.0,0.0,6547.832868156684,74.05693247763533,26,3016503.7204153645
multipoint,80064,anneal,20260939,0.0,0.0,6547.832868156684,73.24047475537344,26,2987638.5929271663
multipoint,80089,anneal,20260939,0.0,0.0,6547.832868156684,73.0622957876976,26,3000430.92236393
multipoint,80092,anneal,20260939,0.0,0.0,6528.514997459317,73.0622957876976,26,3021181.7283931803
multipoint,80141,anneal,20260939,0.0,0.0,6501.50957693153,72.89543749615484,26,3154881.1645717174
multipoint,80162,anneal,20260939,0.0,0.0,6501.50957693153,72.83314317556422,26,3154211.2937231325
multipoint,80189,anneal,20260939,0.0,0.0,6473.531253323991,73.00000146710696,26,3179650.485881321
multipoint,88017,anneal,20260939,0.0,0.0,6473.531253323991,72.89363894436599,26,3171297.835645263
multipoint,100008,destroy_repair,20260939,0.0,0.0,6473.531253323991,72.11709575303536,26,3162770.159528371
multipoint,100011,destroy_repair,20260939,0.0,0.0,6421.094258945617,72.57519378409236,26,3157316.9207493523
multipoint,100082,destroy_repair,20260939,0.0,0.0,6421.094258945617,72.3081415929698,26,3147011.4241857333
multipoint,100137,destroy_repair,20260939,0.0,0.0,6421.094258945617,72.2928471378423,26,3138813.131618322
multipoint,0,initial,20260940,0.0,0.0,6421.094258945617,72.2928471378423,26,3138813.131618322
multipoint,94,anneal,20260940,0.0,0.0,6421.094258945617,72.19265734805383,26,3135191.4366973005
multipoint,3208,anneal,20260940,0.0,0.0,6412.117450911827,73.78147413663712,27,3114060.57298453
multipoint,3211,anneal,20260940,0.0,0.0,6389.202356189422,73.78147413663712,27,3109779.842176805
multipoint,3237,anneal,20260940,0.0,0.0,6385.470191749729,73.71184346693714,27,3095717.2939895955
multipoint,3258,anneal,20260940,0.0,0.0,6385.470191749729,73.4330655234446,27,3094731.649798604
multipoint,3484,anneal,20260940,0.0,0.0,6385.470191749729,73.25501549340589,27,3105006.792686432
multipoint,3721,anneal,20260940,0.0,0.0,6385.470191749729,73.23314103706649,27,3078039.448669618
multipoint,3908,anneal,20260940,0.0,0.0,6385.470191749729,73.22753005315516,27,3079202.994572896
multipoint,8823,anneal,20260940,0.0,0.0,6385.470191749729,72.99406385394654,27,3084921.033932827
multipoint,96029,anneal,20260940,0.0,0.0,6385.470191749729,72.97270476542212,27,3073060.804466248
multipoint,100009,destroy_repair,20260940,0.0,0.0,6385.470191749729,72.94489343046057,27,3070382.0341573535
multipoint,100011,destroy_repair,20260940,0.0,0.0,6385.470191749729,72.93922730696754,27,3055016.2596728117
multipoint,100038,destroy_repair,20260940,0.0,0.0,6368.863000763054,72.82007587714378,27,2979942.969882636
multipoint,100043,destroy_repair,20260940,0.0,0.0,6368.863000763054,72.79206094382337,27,2958411.002022511
multipoint,100049,destroy_repair,20260940,0.0,0.0,6368.863000763054,72.68449253300551,27,2956533.629184677
multipoint,100059,destroy_repair,20260940,0.0,0.0,6368.863000763054,72.68383547466509,27,3023585.078395683
multipoint,100069,destroy_repair,20260940,0.0,0.0,6368.863000763054,72.67923242988176,27,2974645.996331203
multipoint,100085,destroy_repair,20260940,0.0,0.0,6364.238723690743,72.66422095264969,27,2961286.202809753
multipoint,100209,destroy_repair,20260940,0.0,0.0,6358.227451184786,72.66422095264969,27,2960362.8307538396
multipoint,100219,destroy_repair,20260940,0.0,0.0,6355.094258945617,72.66882399743301,27,3009301.91281832
multipoint,0,initial,20260941,0.0,0.0,6355.094258945617,72.66882399743301,27,3009301.91281832
multipoint,76013,anneal,20260941,0.0,0.0,6355.094258945617,72.6537653933916,27,3022690.7109316187
multipoint,100116,destroy_repair,20260941,0.0,0.0,6355.094258945617,72.58134569328517,27,3023674.43804242
multipoint,100178,destroy_repair,20260941,0.0,0.0,6355.094258945617,72.50644392275623,26,2990046.5362203857
multipoint,100181,destroy_repair,20260941,0.0,0.0,6355.094258945617,71.94566215060301,26,3014232.3246828215
