phase_id,link_endpoint,occluding_cells,tested_terrain_cells,shadow_intervals,partition_intervals
PH-0001,G01,1,1,1,2
PH-0001,Q3-R-001,24,122,1,2
PH-0001,Q3-R-002,47,170,1,2
PH-0001,Q3-R-003,33,202,1,2
PH-0001,Q3-R-004,14,241,1,2
PH-0002,G01,95,191,1,3
PH-0002,Q3-R-001,0,120,0,2
PH-0002,Q3-R-002,0,70,0,2
PH-0002,Q3-R-003,0,161,0,2
PH-0002,Q3-R-004,0,189,0,2
PH-0003,G01,171,191,1,1
PH-0003,Q3-R-001,16,16,1,2
PH-0003,Q3-R-002,0,35,0,1
PH-0003,Q3-R-003,36,37,1,2
PH-0003,Q3-R-004,9,65,1,2
PH-0004,G01,171,191,1,1
PH-0004,Q3-R-001,16,16,1,1
PH-0004,Q3-R-002,0,35,0,1
PH-0004,Q3-R-003,36,37,1,1
PH-0004,Q3-R-004,9,65,1,1
PH-0005,G01,171,191,1,1
PH-0005,Q3-R-001,16,16,1,2
PH-0005,Q3-R-002,0,35,0,1
PH-0005,Q3-R-003,36,37,1,2
PH-0005,Q3-R-004,9,65,1,2
PH-0006,G01,268,3967,1,1
PH-0006,Q3-R-001,0,438,0,1
PH-0006,Q3-R-002,0,6,0,2
PH-0006,Q3-R-003,0,94,0,2
PH-0006,Q3-R-004,0,22,0,1
PH-0007,G01,53,215,1,1
PH-0007,Q3-R-001,0,0,0,1
PH-0007,Q3-R-002,0,68,0,1
PH-0007,Q3-R-003,0,0,0,1
PH-0007,Q3-R-004,0,37,0,1
PH-0008,G01,53,215,1,1
PH-0008,Q3-R-001,0,0,0,1
PH-0008,Q3-R-002,0,68,0,1
PH-0008,Q3-R-003,0,0,0,1
PH-0008,Q3-R-004,0,37,0,1
PH-0009,G01,53,215,1,1
PH-0009,Q3-R-001,0,0,0,1
PH-0009,Q3-R-002,0,68,0,1
PH-0009,Q3-R-003,0,0,0,1
PH-0009,Q3-R-004,0,37,0,1
PH-0010,G01,28,215,1,3
PH-0010,Q3-R-001,0,0,0,2
PH-0010,Q3-R-002,0,173,0,1
PH-0010,Q3-R-003,0,0,0,1
PH-0010,Q3-R-004,0,358,0,2
PH-0011,G01,1,1,1,2
PH-0011,Q3-R-001,24,122,1,2
PH-0011,Q3-R-002,47,170,1,2
PH-0011,Q3-R-003,33,202,1,2
PH-0011,Q3-R-004,14,241,1,2
PH-0012,G01,1,1,1,2
PH-0012,Q3-R-001,24,122,1,2
PH-0012,Q3-R-002,47,170,1,2
PH-0012,Q3-R-003,33,202,1,2
PH-0012,Q3-R-004,14,241,1,2
PH-0013,G01,12,114,1,2
PH-0013,Q3-R-001,0,100,0,1
PH-0013,Q3-R-002,11,3310,1,3
PH-0013,Q3-R-003,0,239,0,1
PH-0013,Q3-R-004,0,1180,0,1
PH-0014,G01,82,114,1,1
PH-0014,Q3-R-001,1,103,1,2
PH-0014,Q3-R-002,0,173,0,1
PH-0014,Q3-R-003,20,103,1,2
PH-0014,Q3-R-004,9,173,1,2
PH-0015,G01,82,114,1,1
PH-0015,Q3-R-001,1,103,1,1
PH-0015,Q3-R-002,0,173,0,1
PH-0015,Q3-R-003,20,103,1,1
PH-0015,Q3-R-004,9,173,1,1
PH-0016,G01,82,114,1,1
PH-0016,Q3-R-001,1,103,1,2
PH-0016,Q3-R-002,0,173,0,1
PH-0016,Q3-R-003,20,103,1,2
PH-0016,Q3-R-004,9,173,1,2
PH-0017,G01,12,114,1,2
PH-0017,Q3-R-001,0,100,0,1
PH-0017,Q3-R-002,11,3310,1,3
PH-0017,Q3-R-003,0,239,0,1
PH-0017,Q3-R-004,0,1180,0,1
PH-0018,G01,1,1,1,2
PH-0018,Q3-R-001,24,122,1,2
PH-0018,Q3-R-002,47,170,1,2
PH-0018,Q3-R-003,33,202,1,2
PH-0018,Q3-R-004,14,241,1,2
PH-0019,G01,1,1,1,2
PH-0019,Q3-R-001,24,122,1,2
PH-0019,Q3-R-002,47,170,1,2
PH-0019,Q3-R-003,33,202,1,2
PH-0019,Q3-R-004,14,241,1,2
PH-0020,G01,12,114,1,2
PH-0020,Q3-R-001,0,100,0,1
PH-0020,Q3-R-002,11,3310,1,3
PH-0020,Q3-R-003,0,239,0,1
PH-0020,Q3-R-004,0,1180,0,1
PH-0021,G01,82,114,1,1
PH-0021,Q3-R-001,1,103,1,2
PH-0021,Q3-R-002,0,173,0,1
PH-0021,Q3-R-003,20,103,1,2
PH-0021,Q3-R-004,9,173,1,2
PH-0022,G01,82,114,1,1
PH-0022,Q3-R-001,1,103,1,1
PH-0022,Q3-R-002,0,173,0,1
PH-0022,Q3-R-003,20,103,1,1
PH-0022,Q3-R-004,9,173,1,1
PH-0023,G01,82,114,1,1
PH-0023,Q3-R-001,1,103,1,2
PH-0023,Q3-R-002,0,173,0,1
PH-0023,Q3-R-003,20,103,1,2
PH-0023,Q3-R-004,9,173,1,2
PH-0024,G01,12,114,1,2
PH-0024,Q3-R-001,0,100,0,1
PH-0024,Q3-R-002,11,3310,1,3
PH-0024,Q3-R-003,0,239,0,1
PH-0024,Q3-R-004,0,1180,0,1
PH-0025,G01,1,1,1,2
PH-0025,Q3-R-001,24,122,1,2
PH-0025,Q3-R-002,47,170,1,2
PH-0025,Q3-R-003,33,202,1,2
PH-0025,Q3-R-004,14,241,1,2
PH-0026,G01,1,1,1,2
PH-0026,Q3-R-001,24,122,1,2
PH-0026,Q3-R-002,47,170,1,2
PH-0026,Q3-R-003,33,202,1,2
PH-0026,Q3-R-004,14,241,1,2
PH-0027,G01,12,114,1,2
PH-0027,Q3-R-001,0,100,0,1
PH-0027,Q3-R-002,11,3310,1,3
PH-0027,Q3-R-003,0,239,0,1
PH-0027,Q3-R-004,0,1180,0,1
PH-0028,G01,82,114,1,1
PH-0028,Q3-R-001,1,103,1,2
PH-0028,Q3-R-002,0,173,0,1
PH-0028,Q3-R-003,20,103,1,2
PH-0028,Q3-R-004,9,173,1,2
PH-0029,G01,82,114,1,1
PH-0029,Q3-R-001,1,103,1,1
PH-0029,Q3-R-002,0,173,0,1
PH-0029,Q3-R-003,20,103,1,1
PH-0029,Q3-R-004,9,173,1,1
PH-0030,G01,82,114,1,1
PH-0030,Q3-R-001,1,103,1,2
PH-0030,Q3-R-002,0,173,0,1
PH-0030,Q3-R-003,20,103,1,2
PH-0030,Q3-R-004,9,173,1,2
PH-0031,G01,12,114,1,2
PH-0031,Q3-R-001,0,100,0,1
PH-0031,Q3-R-002,11,3310,1,3
PH-0031,Q3-R-003,0,239,0,1
PH-0031,Q3-R-004,0,1180,0,1
PH-0032,G01,1,1,1,2
PH-0032,Q3-R-001,24,122,1,2
PH-0032,Q3-R-002,47,170,1,2
PH-0032,Q3-R-003,33,202,1,2
PH-0032,Q3-R-004,14,241,1,2
PH-0033,G01,1,1,1,2
PH-0033,Q3-R-001,24,122,1,2
PH-0033,Q3-R-002,47,170,1,2
PH-0033,Q3-R-003,33,202,1,2
PH-0033,Q3-R-004,14,241,1,2
PH-0034,G01,22,199,1,3
PH-0034,Q3-R-001,17,76,1,3
PH-0034,Q3-R-002,0,2,0,2
PH-0034,Q3-R-003,0,1095,0,1
PH-0034,Q3-R-004,0,168,0,1
PH-0035,G01,156,199,1,1
PH-0035,Q3-R-001,62,62,1,1
PH-0035,Q3-R-002,34,92,1,2
PH-0035,Q3-R-003,92,96,1,2
PH-0035,Q3-R-004,1,83,1,2
PH-0036,G01,156,199,1,1
PH-0036,Q3-R-001,62,62,1,1
PH-0036,Q3-R-002,34,92,1,1
PH-0036,Q3-R-003,92,96,1,1
PH-0036,Q3-R-004,1,83,1,1
PH-0037,G01,156,199,1,1
PH-0037,Q3-R-001,62,62,1,1
PH-0037,Q3-R-002,34,92,1,2
PH-0037,Q3-R-003,92,96,1,2
PH-0037,Q3-R-004,1,83,1,2
PH-0038,G01,22,199,1,3
PH-0038,Q3-R-001,17,76,1,3
PH-0038,Q3-R-002,0,2,0,2
PH-0038,Q3-R-003,0,1095,0,1
PH-0038,Q3-R-004,0,168,0,1
PH-0039,G01,1,1,1,2
PH-0039,Q3-R-001,24,122,1,2
PH-0039,Q3-R-002,47,170,1,2
PH-0039,Q3-R-003,33,202,1,2
PH-0039,Q3-R-004,14,241,1,2
PH-0040,G01,1,1,1,2
PH-0040,Q3-R-001,24,122,1,2
PH-0040,Q3-R-002,47,170,1,2
PH-0040,Q3-R-003,33,202,1,2
PH-0040,Q3-R-004,14,241,1,2
PH-0041,G01,22,199,1,3
PH-0041,Q3-R-001,17,76,1,3
PH-0041,Q3-R-002,0,2,0,2
PH-0041,Q3-R-003,0,1095,0,1
PH-0041,Q3-R-004,0,168,0,1
PH-0042,G01,156,199,1,1
PH-0042,Q3-R-001,62,62,1,1
PH-0042,Q3-R-002,34,92,1,2
PH-0042,Q3-R-003,92,96,1,2
PH-0042,Q3-R-004,1,83,1,2
PH-0043,G01,156,199,1,1
PH-0043,Q3-R-001,62,62,1,1
PH-0043,Q3-R-002,34,92,1,1
PH-0043,Q3-R-003,92,96,1,1
PH-0043,Q3-R-004,1,83,1,1
PH-0044,G01,156,199,1,1
PH-0044,Q3-R-001,62,62,1,1
PH-0044,Q3-R-002,34,92,1,2
PH-0044,Q3-R-003,92,96,1,2
PH-0044,Q3-R-004,1,83,1,2
PH-0045,G01,22,199,1,3
PH-0045,Q3-R-001,17,76,1,3
PH-0045,Q3-R-002,0,2,0,2
PH-0045,Q3-R-003,0,1095,0,1
PH-0045,Q3-R-004,0,168,0,1
PH-0046,G01,1,1,1,2
PH-0046,Q3-R-001,24,122,1,2
PH-0046,Q3-R-002,47,170,1,2
PH-0046,Q3-R-003,33,202,1,2
PH-0046,Q3-R-004,14,241,1,2
PH-0047,G01,1,1,1,2
PH-0047,Q3-R-001,24,122,1,2
PH-0047,Q3-R-002,47,170,1,2
PH-0047,Q3-R-003,33,202,1,2
PH-0047,Q3-R-004,14,241,1,2
PH-0048,G01,16,107,1,2
PH-0048,Q3-R-001,0,0,0,2
PH-0048,Q3-R-002,0,40,0,2
PH-0048,Q3-R-003,0,0,0,2
PH-0048,Q3-R-004,275,1954,1,2
PH-0049,G01,33,107,1,1
PH-0049,Q3-R-001,7,27,1,2
PH-0049,Q3-R-002,0,71,0,1
PH-0049,Q3-R-003,24,39,1,2
PH-0049,Q3-R-004,40,130,1,1
PH-0050,G01,33,107,1,1
PH-0050,Q3-R-001,7,27,1,1
PH-0050,Q3-R-002,0,71,0,1
PH-0050,Q3-R-003,24,39,1,1
PH-0050,Q3-R-004,40,130,1,1
PH-0051,G01,33,107,1,1
PH-0051,Q3-R-001,7,27,1,2
PH-0051,Q3-R-002,0,71,0,1
PH-0051,Q3-R-003,24,39,1,2
PH-0051,Q3-R-004,40,130,1,1
PH-0052,G01,16,107,1,2
PH-0052,Q3-R-001,0,0,0,2
PH-0052,Q3-R-002,0,40,0,2
PH-0052,Q3-R-003,0,0,0,2
PH-0052,Q3-R-004,275,1954,1,2
PH-0053,G01,1,1,1,2
PH-0053,Q3-R-001,24,122,1,2
PH-0053,Q3-R-002,47,170,1,2
PH-0053,Q3-R-003,33,202,1,2
PH-0053,Q3-R-004,14,241,1,2
PH-0054,G01,1,1,1,2
PH-0054,Q3-R-001,24,122,1,2
PH-0054,Q3-R-002,47,170,1,2
PH-0054,Q3-R-003,33,202,1,2
PH-0054,Q3-R-004,14,241,1,2
PH-0055,G01,12,114,1,2
PH-0055,Q3-R-001,0,100,0,1
PH-0055,Q3-R-002,11,3310,1,3
PH-0055,Q3-R-003,0,239,0,1
PH-0055,Q3-R-004,0,1180,0,1
PH-0056,G01,82,114,1,1
PH-0056,Q3-R-001,1,103,1,2
PH-0056,Q3-R-002,0,173,0,1
PH-0056,Q3-R-003,20,103,1,2
PH-0056,Q3-R-004,9,173,1,2
PH-0057,G01,82,114,1,1
PH-0057,Q3-R-001,1,103,1,1
PH-0057,Q3-R-002,0,173,0,1
PH-0057,Q3-R-003,20,103,1,1
PH-0057,Q3-R-004,9,173,1,1
PH-0058,G01,82,114,1,2
PH-0058,Q3-R-001,1,103,1,2
PH-0058,Q3-R-002,0,173,0,1
PH-0058,Q3-R-003,20,103,1,2
PH-0058,Q3-R-004,9,173,1,2
PH-0059,G01,182,5012,1,3
PH-0059,Q3-R-001,0,21,0,2
PH-0059,Q3-R-002,0,102,0,1
PH-0059,Q3-R-003,0,44,0,1
PH-0059,Q3-R-004,0,73,0,2
PH-0060,G01,229,330,1,1
PH-0060,Q3-R-001,42,57,1,2
PH-0060,Q3-R-002,0,166,0,1
PH-0060,Q3-R-003,14,68,1,2
PH-0060,Q3-R-004,18,156,1,2
PH-0061,G01,229,330,1,1
PH-0061,Q3-R-001,42,57,1,1
PH-0061,Q3-R-002,0,166,0,1
PH-0061,Q3-R-003,14,68,1,1
PH-0061,Q3-R-004,18,156,1,1
PH-0062,G01,229,330,1,1
PH-0062,Q3-R-001,42,57,1,2
PH-0062,Q3-R-002,0,166,0,1
PH-0062,Q3-R-003,14,68,1,2
PH-0062,Q3-R-004,18,156,1,2
PH-0063,G01,49,330,1,3
PH-0063,Q3-R-001,0,99,0,2
PH-0063,Q3-R-002,0,288,0,1
PH-0063,Q3-R-003,0,82,0,1
PH-0063,Q3-R-004,0,353,0,2
PH-0064,G01,1,1,1,2
PH-0064,Q3-R-001,24,122,1,2
PH-0064,Q3-R-002,47,170,1,2
PH-0064,Q3-R-003,33,202,1,2
PH-0064,Q3-R-004,14,241,1,2
PH-0065,G01,1,1,1,2
PH-0065,Q3-R-001,24,122,1,2
PH-0065,Q3-R-002,47,170,1,2
PH-0065,Q3-R-003,33,202,1,2
PH-0065,Q3-R-004,14,241,1,2
PH-0066,G01,12,114,1,2
PH-0066,Q3-R-001,0,100,0,1
PH-0066,Q3-R-002,11,3310,1,3
PH-0066,Q3-R-003,0,239,0,1
PH-0066,Q3-R-004,0,1180,0,1
PH-0067,G01,82,114,1,1
PH-0067,Q3-R-001,1,103,1,2
PH-0067,Q3-R-002,0,173,0,1
PH-0067,Q3-R-003,20,103,1,2
PH-0067,Q3-R-004,9,173,1,2
PH-0068,G01,82,114,1,1
PH-0068,Q3-R-001,1,103,1,1
PH-0068,Q3-R-002,0,173,0,1
PH-0068,Q3-R-003,20,103,1,1
PH-0068,Q3-R-004,9,173,1,1
PH-0069,G01,82,114,1,1
PH-0069,Q3-R-001,1,103,1,2
PH-0069,Q3-R-002,0,173,0,1
PH-0069,Q3-R-003,20,103,1,2
PH-0069,Q3-R-004,9,173,1,2
PH-0070,G01,12,114,1,2
PH-0070,Q3-R-001,0,100,0,1
PH-0070,Q3-R-002,11,3310,1,3
PH-0070,Q3-R-003,0,239,0,1
PH-0070,Q3-R-004,0,1180,0,1
PH-0071,G01,1,1,1,2
PH-0071,Q3-R-001,24,122,1,2
PH-0071,Q3-R-002,47,170,1,2
PH-0071,Q3-R-003,33,202,1,2
PH-0071,Q3-R-004,14,241,1,2
PH-0072,G01,1,1,1,2
PH-0072,Q3-R-001,24,122,1,2
PH-0072,Q3-R-002,47,170,1,2
PH-0072,Q3-R-003,33,202,1,2
PH-0072,Q3-R-004,14,241,1,2
PH-0073,G01,12,114,1,2
PH-0073,Q3-R-001,0,100,0,1
PH-0073,Q3-R-002,11,3310,1,3
PH-0073,Q3-R-003,0,239,0,1
PH-0073,Q3-R-004,0,1180,0,1
PH-0074,G01,82,114,1,1
PH-0074,Q3-R-001,1,103,1,2
PH-0074,Q3-R-002,0,173,0,1
PH-0074,Q3-R-003,20,103,1,2
PH-0074,Q3-R-004,9,173,1,2
PH-0075,G01,82,114,1,1
PH-0075,Q3-R-001,1,103,1,1
PH-0075,Q3-R-002,0,173,0,1
PH-0075,Q3-R-003,20,103,1,1
PH-0075,Q3-R-004,9,173,1,1
PH-0076,G01,82,114,1,2
PH-0076,Q3-R-001,1,103,1,2
PH-0076,Q3-R-002,0,173,0,1
PH-0076,Q3-R-003,20,103,1,2
PH-0076,Q3-R-004,9,173,1,2
PH-0077,G01,476,6542,1,3
PH-0077,Q3-R-001,0,88,0,2
PH-0077,Q3-R-002,0,60,0,2
PH-0077,Q3-R-003,0,107,0,2
PH-0077,Q3-R-004,0,34,0,2
PH-0078,G01,171,191,1,1
PH-0078,Q3-R-001,16,16,1,2
PH-0078,Q3-R-002,0,35,0,1
PH-0078,Q3-R-003,36,37,1,2
PH-0078,Q3-R-004,9,65,1,2
PH-0079,G01,171,191,1,1
PH-0079,Q3-R-001,16,16,1,1
PH-0079,Q3-R-002,0,35,0,1
PH-0079,Q3-R-003,36,37,1,1
PH-0079,Q3-R-004,9,65,1,1
PH-0080,G01,171,191,1,1
PH-0080,Q3-R-001,16,16,1,2
PH-0080,Q3-R-002,0,35,0,1
PH-0080,Q3-R-003,36,37,1,2
PH-0080,Q3-R-004,9,65,1,2
PH-0081,G01,95,191,1,3
PH-0081,Q3-R-001,0,120,0,2
PH-0081,Q3-R-002,0,70,0,2
PH-0081,Q3-R-003,0,161,0,2
PH-0081,Q3-R-004,0,189,0,2
PH-0082,G01,1,1,1,2
PH-0082,Q3-R-001,24,122,1,2
PH-0082,Q3-R-002,47,170,1,2
PH-0082,Q3-R-003,33,202,1,2
PH-0082,Q3-R-004,14,241,1,2
PH-0083,G01,1,1,1,2
PH-0083,Q3-R-001,24,122,1,2
PH-0083,Q3-R-002,47,170,1,2
PH-0083,Q3-R-003,33,202,1,2
PH-0083,Q3-R-004,14,241,1,2
PH-0084,G01,12,114,1,2
PH-0084,Q3-R-001,0,100,0,1
PH-0084,Q3-R-002,11,3310,1,3
PH-0084,Q3-R-003,0,239,0,1
PH-0084,Q3-R-004,0,1180,0,1
PH-0085,G01,82,114,1,1
PH-0085,Q3-R-001,1,103,1,2
PH-0085,Q3-R-002,0,173,0,1
PH-0085,Q3-R-003,20,103,1,2
PH-0085,Q3-R-004,9,173,1,2
PH-0086,G01,82,114,1,1
PH-0086,Q3-R-001,1,103,1,1
PH-0086,Q3-R-002,0,173,0,1
PH-0086,Q3-R-003,20,103,1,1
PH-0086,Q3-R-004,9,173,1,1
PH-0087,G01,82,114,1,1
PH-0087,Q3-R-001,1,103,1,2
PH-0087,Q3-R-002,0,173,0,1
PH-0087,Q3-R-003,20,103,1,2
PH-0087,Q3-R-004,9,173,1,2
PH-0088,G01,53,747,1,2
PH-0088,Q3-R-001,0,22,0,2
PH-0088,Q3-R-002,0,1842,0,2
PH-0088,Q3-R-003,16,387,2,7
PH-0088,Q3-R-004,0,1517,0,2
PH-0089,G01,155,303,1,1
PH-0089,Q3-R-001,75,243,1,2
PH-0089,Q3-R-002,10,273,1,2
PH-0089,Q3-R-003,0,69,0,1
PH-0089,Q3-R-004,0,211,0,1
PH-0090,G01,155,303,1,1
PH-0090,Q3-R-001,75,243,1,1
PH-0090,Q3-R-002,10,273,1,1
PH-0090,Q3-R-003,0,69,0,1
PH-0090,Q3-R-004,0,211,0,1
PH-0091,G01,155,303,1,1
PH-0091,Q3-R-001,75,243,1,2
PH-0091,Q3-R-002,10,273,1,2
PH-0091,Q3-R-003,0,69,0,1
PH-0091,Q3-R-004,0,211,0,1
PH-0092,G01,41,303,1,3
PH-0092,Q3-R-001,0,26,0,2
PH-0092,Q3-R-002,0,3715,0,2
PH-0092,Q3-R-003,17,424,2,7
PH-0092,Q3-R-004,0,2252,0,2
PH-0093,G01,1,1,1,2
PH-0093,Q3-R-001,24,122,1,2
PH-0093,Q3-R-002,47,170,1,2
PH-0093,Q3-R-003,33,202,1,2
PH-0093,Q3-R-004,14,241,1,2
PH-0094,G01,1,1,1,2
PH-0094,Q3-R-001,24,122,1,2
PH-0094,Q3-R-002,47,170,1,2
PH-0094,Q3-R-003,33,202,1,2
PH-0094,Q3-R-004,14,241,1,2
PH-0095,G01,50,196,1,3
PH-0095,Q3-R-001,0,408,0,2
PH-0095,Q3-R-002,0,0,0,2
PH-0095,Q3-R-003,0,1020,0,2
PH-0095,Q3-R-004,0,0,0,2
PH-0096,G01,185,196,1,1
PH-0096,Q3-R-001,72,72,1,2
PH-0096,Q3-R-002,0,30,0,1
PH-0096,Q3-R-003,84,86,1,2
PH-0096,Q3-R-004,50,142,1,2
PH-0097,G01,185,196,1,1
PH-0097,Q3-R-001,72,72,1,1
PH-0097,Q3-R-002,0,30,0,1
PH-0097,Q3-R-003,84,86,1,1
PH-0097,Q3-R-004,50,142,1,1
PH-0098,G01,185,196,1,1
PH-0098,Q3-R-001,72,72,1,2
PH-0098,Q3-R-002,0,30,0,1
PH-0098,Q3-R-003,84,86,1,2
PH-0098,Q3-R-004,50,142,1,2
PH-0099,G01,50,196,1,3
PH-0099,Q3-R-001,0,408,0,2
PH-0099,Q3-R-002,0,0,0,2
PH-0099,Q3-R-003,0,1020,0,2
PH-0099,Q3-R-004,0,0,0,2
PH-0100,G01,1,1,1,2
PH-0100,Q3-R-001,24,122,1,2
PH-0100,Q3-R-002,47,170,1,2
PH-0100,Q3-R-003,33,202,1,2
PH-0100,Q3-R-004,14,241,1,2
PH-0101,G01,1,1,1,2
PH-0101,Q3-R-001,24,122,1,2
PH-0101,Q3-R-002,47,170,1,2
PH-0101,Q3-R-003,33,202,1,2
PH-0101,Q3-R-004,14,241,1,2
PH-0102,G01,41,303,1,3
PH-0102,Q3-R-001,0,26,0,2
PH-0102,Q3-R-002,0,3715,0,2
PH-0102,Q3-R-003,17,424,2,7
PH-0102,Q3-R-004,0,2252,0,2
PH-0103,G01,155,303,1,1
PH-0103,Q3-R-001,75,243,1,2
PH-0103,Q3-R-002,10,273,1,2
PH-0103,Q3-R-003,0,69,0,1
PH-0103,Q3-R-004,0,211,0,1
PH-0104,G01,155,303,1,1
PH-0104,Q3-R-001,75,243,1,1
PH-0104,Q3-R-002,10,273,1,1
PH-0104,Q3-R-003,0,69,0,1
PH-0104,Q3-R-004,0,211,0,1
PH-0105,G01,155,303,1,1
PH-0105,Q3-R-001,75,243,1,2
PH-0105,Q3-R-002,10,273,1,2
PH-0105,Q3-R-003,0,69,0,1
PH-0105,Q3-R-004,0,211,0,1
PH-0106,G01,41,303,1,3
PH-0106,Q3-R-001,0,26,0,2
PH-0106,Q3-R-002,0,3715,0,2
PH-0106,Q3-R-003,17,424,2,7
PH-0106,Q3-R-004,0,2252,0,2
PH-0107,G01,1,1,1,2
PH-0107,Q3-R-001,24,122,1,2
PH-0107,Q3-R-002,47,170,1,2
PH-0107,Q3-R-003,33,202,1,2
PH-0107,Q3-R-004,14,241,1,2
PH-0108,G01,1,1,1,2
PH-0108,Q3-R-001,24,122,1,2
PH-0108,Q3-R-002,47,170,1,2
PH-0108,Q3-R-003,33,202,1,2
PH-0108,Q3-R-004,14,241,1,2
PH-0109,G01,12,114,1,2
PH-0109,Q3-R-001,0,100,0,1
PH-0109,Q3-R-002,11,3310,1,3
PH-0109,Q3-R-003,0,239,0,1
PH-0109,Q3-R-004,0,1180,0,1
PH-0110,G01,82,114,1,1
PH-0110,Q3-R-001,1,103,1,2
PH-0110,Q3-R-002,0,173,0,1
PH-0110,Q3-R-003,20,103,1,2
PH-0110,Q3-R-004,9,173,1,2
PH-0111,G01,82,114,1,1
PH-0111,Q3-R-001,1,103,1,1
PH-0111,Q3-R-002,0,173,0,1
PH-0111,Q3-R-003,20,103,1,1
PH-0111,Q3-R-004,9,173,1,1
PH-0112,G01,82,114,1,1
PH-0112,Q3-R-001,1,103,1,2
PH-0112,Q3-R-002,0,173,0,1
PH-0112,Q3-R-003,20,103,1,2
PH-0112,Q3-R-004,9,173,1,2
PH-0113,G01,12,114,1,2
PH-0113,Q3-R-001,0,100,0,1
PH-0113,Q3-R-002,11,3310,1,3
PH-0113,Q3-R-003,0,239,0,1
PH-0113,Q3-R-004,0,1180,0,1
PH-0114,G01,1,1,1,2
PH-0114,Q3-R-001,24,122,1,2
PH-0114,Q3-R-002,47,170,1,2
PH-0114,Q3-R-003,33,202,1,2
PH-0114,Q3-R-004,14,241,1,2
PH-0115,G01,1,1,1,2
PH-0115,Q3-R-001,24,122,1,2
PH-0115,Q3-R-002,47,170,1,2
PH-0115,Q3-R-003,33,202,1,2
PH-0115,Q3-R-004,14,241,1,2
PH-0116,G01,28,215,1,3
PH-0116,Q3-R-001,0,0,0,2
PH-0116,Q3-R-002,0,173,0,1
PH-0116,Q3-R-003,0,0,0,1
PH-0116,Q3-R-004,0,358,0,2
PH-0117,G01,53,215,1,1
PH-0117,Q3-R-001,0,0,0,1
PH-0117,Q3-R-002,0,68,0,1
PH-0117,Q3-R-003,0,0,0,1
PH-0117,Q3-R-004,0,37,0,1
PH-0118,G01,53,215,1,1
PH-0118,Q3-R-001,0,0,0,1
PH-0118,Q3-R-002,0,68,0,1
PH-0118,Q3-R-003,0,0,0,1
PH-0118,Q3-R-004,0,37,0,1
PH-0119,G01,53,215,1,1
PH-0119,Q3-R-001,0,0,0,1
PH-0119,Q3-R-002,0,68,0,1
PH-0119,Q3-R-003,0,0,0,1
PH-0119,Q3-R-004,0,37,0,1
PH-0120,G01,28,215,1,3
PH-0120,Q3-R-001,0,0,0,2
PH-0120,Q3-R-002,0,173,0,1
PH-0120,Q3-R-003,0,0,0,1
PH-0120,Q3-R-004,0,358,0,2
PH-0121,G01,1,1,1,2
PH-0121,Q3-R-001,24,122,1,2
PH-0121,Q3-R-002,47,170,1,2
PH-0121,Q3-R-003,33,202,1,2
PH-0121,Q3-R-004,14,241,1,2
PH-0122,G01,1,1,1,2
PH-0122,Q3-R-001,24,122,1,2
PH-0122,Q3-R-002,47,170,1,2
PH-0122,Q3-R-003,33,202,1,2
PH-0122,Q3-R-004,14,241,1,2
PH-0123,G01,16,240,1,3
PH-0123,Q3-R-001,0,1,0,2
PH-0123,Q3-R-002,0,113,0,2
PH-0123,Q3-R-003,0,0,0,2
PH-0123,Q3-R-004,0,718,0,1
PH-0124,G01,171,240,1,1
PH-0124,Q3-R-001,50,210,1,2
PH-0124,Q3-R-002,13,279,1,2
PH-0124,Q3-R-003,9,51,1,2
PH-0124,Q3-R-004,18,211,1,2
PH-0125,G01,171,240,1,1
PH-0125,Q3-R-001,50,210,1,1
PH-0125,Q3-R-002,13,279,1,1
PH-0125,Q3-R-003,9,51,1,1
PH-0125,Q3-R-004,18,211,1,1
PH-0126,G01,171,240,1,1
PH-0126,Q3-R-001,50,210,1,2
PH-0126,Q3-R-002,13,279,1,2
PH-0126,Q3-R-003,9,51,1,2
PH-0126,Q3-R-004,18,211,1,2
PH-0127,G01,16,240,1,3
PH-0127,Q3-R-001,0,1,0,2
PH-0127,Q3-R-002,0,113,0,2
PH-0127,Q3-R-003,0,0,0,2
PH-0127,Q3-R-004,0,718,0,1
PH-0128,G01,1,1,1,2
PH-0128,Q3-R-001,24,122,1,2
PH-0128,Q3-R-002,47,170,1,2
PH-0128,Q3-R-003,33,202,1,2
PH-0128,Q3-R-004,14,241,1,2
PH-0129,G01,1,1,1,2
PH-0129,Q3-R-001,24,122,1,2
PH-0129,Q3-R-002,47,170,1,2
PH-0129,Q3-R-003,33,202,1,2
PH-0129,Q3-R-004,14,241,1,2
PH-0130,G01,12,114,1,2
PH-0130,Q3-R-001,0,100,0,1
PH-0130,Q3-R-002,11,3310,1,3
PH-0130,Q3-R-003,0,239,0,1
PH-0130,Q3-R-004,0,1180,0,1
PH-0131,G01,82,114,1,1
PH-0131,Q3-R-001,1,103,1,2
PH-0131,Q3-R-002,0,173,0,1
PH-0131,Q3-R-003,20,103,1,2
PH-0131,Q3-R-004,9,173,1,2
PH-0132,G01,82,114,1,1
PH-0132,Q3-R-001,1,103,1,1
PH-0132,Q3-R-002,0,173,0,1
PH-0132,Q3-R-003,20,103,1,1
PH-0132,Q3-R-004,9,173,1,1
PH-0133,G01,82,114,1,1
PH-0133,Q3-R-001,1,103,1,2
PH-0133,Q3-R-002,0,173,0,1
PH-0133,Q3-R-003,20,103,1,2
PH-0133,Q3-R-004,9,173,1,2
PH-0134,G01,65,3000,5,9
PH-0134,Q3-R-001,9,90,1,3
PH-0134,Q3-R-002,0,1174,0,2
PH-0134,Q3-R-003,0,275,0,1
PH-0134,Q3-R-004,0,641,0,1
PH-0135,G01,49,88,1,1
PH-0135,Q3-R-001,25,73,1,1
PH-0135,Q3-R-002,0,188,0,1
PH-0135,Q3-R-003,25,107,1,2
PH-0135,Q3-R-004,0,90,0,1
PH-0136,G01,49,88,1,1
PH-0136,Q3-R-001,25,73,1,1
PH-0136,Q3-R-002,0,188,0,1
PH-0136,Q3-R-003,25,107,1,1
PH-0136,Q3-R-004,0,90,0,1
PH-0137,G01,49,88,1,1
PH-0137,Q3-R-001,25,73,1,1
PH-0137,Q3-R-002,0,188,0,1
PH-0137,Q3-R-003,25,107,1,2
PH-0137,Q3-R-004,0,90,0,1
PH-0138,G01,3,88,1,2
PH-0138,Q3-R-001,4,26,1,3
PH-0138,Q3-R-002,0,1695,0,2
PH-0138,Q3-R-003,0,35,0,1
PH-0138,Q3-R-004,0,433,0,1
PH-0139,G01,1,1,1,2
PH-0139,Q3-R-001,24,122,1,2
PH-0139,Q3-R-002,47,170,1,2
PH-0139,Q3-R-003,33,202,1,2
PH-0139,Q3-R-004,14,241,1,2
PH-0140,G01,1,1,1,2
PH-0140,Q3-R-001,24,122,1,2
PH-0140,Q3-R-002,47,170,1,2
PH-0140,Q3-R-003,33,202,1,2
PH-0140,Q3-R-004,14,241,1,2
PH-0141,G01,3,88,1,2
PH-0141,Q3-R-001,4,26,1,3
PH-0141,Q3-R-002,0,1695,0,2
PH-0141,Q3-R-003,0,35,0,1
PH-0141,Q3-R-004,0,433,0,1
PH-0142,G01,49,88,1,1
PH-0142,Q3-R-001,25,73,1,1
PH-0142,Q3-R-002,0,188,0,1
PH-0142,Q3-R-003,25,107,1,2
PH-0142,Q3-R-004,0,90,0,1
PH-0143,G01,49,88,1,1
PH-0143,Q3-R-001,25,73,1,1
PH-0143,Q3-R-002,0,188,0,1
PH-0143,Q3-R-003,25,107,1,1
PH-0143,Q3-R-004,0,90,0,1
PH-0144,G01,49,88,1,2
PH-0144,Q3-R-001,25,73,1,2
PH-0144,Q3-R-002,0,188,0,1
PH-0144,Q3-R-003,25,107,1,2
PH-0144,Q3-R-004,0,90,0,1
PH-0145,G01,71,2295,1,3
PH-0145,Q3-R-001,19,146,1,4
PH-0145,Q3-R-002,0,42,0,1
PH-0145,Q3-R-003,0,0,0,1
PH-0145,Q3-R-004,0,723,0,3
PH-0146,G01,185,287,1,1
PH-0146,Q3-R-001,101,168,1,1
PH-0146,Q3-R-002,13,209,1,2
PH-0146,Q3-R-003,11,68,1,2
PH-0146,Q3-R-004,0,116,0,1
PH-0147,G01,185,287,1,1
PH-0147,Q3-R-001,101,168,1,1
PH-0147,Q3-R-002,13,209,1,1
PH-0147,Q3-R-003,11,68,1,1
PH-0147,Q3-R-004,0,116,0,1
PH-0148,G01,185,287,1,1
PH-0148,Q3-R-001,101,168,1,1
PH-0148,Q3-R-002,13,209,1,2
PH-0148,Q3-R-003,11,68,1,2
PH-0148,Q3-R-004,0,116,0,1
PH-0149,G01,79,287,1,3
PH-0149,Q3-R-001,63,150,1,5
PH-0149,Q3-R-002,0,275,0,2
PH-0149,Q3-R-003,0,0,0,3
PH-0149,Q3-R-004,3,1416,2,5
PH-0150,G01,1,1,1,2
PH-0150,Q3-R-001,24,122,1,2
PH-0150,Q3-R-002,47,170,1,2
PH-0150,Q3-R-003,33,202,1,2
PH-0150,Q3-R-004,14,241,1,2
PH-0151,G01,1,1,1,2
PH-0151,Q3-R-001,24,122,1,2
PH-0151,Q3-R-002,47,170,1,2
PH-0151,Q3-R-003,33,202,1,2
PH-0151,Q3-R-004,14,241,1,2
PH-0152,G01,8,138,1,3
PH-0152,Q3-R-001,2,22,1,2
PH-0152,Q3-R-002,0,1437,0,2
PH-0152,Q3-R-003,0,0,0,2
PH-0152,Q3-R-004,0,1340,0,1
PH-0153,G01,116,138,1,1
PH-0153,Q3-R-001,68,181,1,1
PH-0153,Q3-R-002,21,274,1,2
PH-0153,Q3-R-003,6,36,1,2
PH-0153,Q3-R-004,0,119,0,1
PH-0154,G01,116,138,1,1
PH-0154,Q3-R-001,68,181,1,1
PH-0154,Q3-R-002,21,274,1,1
PH-0154,Q3-R-003,6,36,1,1
PH-0154,Q3-R-004,0,119,0,1
PH-0155,G01,116,138,1,1
PH-0155,Q3-R-001,68,181,1,2
PH-0155,Q3-R-002,21,274,1,2
PH-0155,Q3-R-003,6,36,1,2
PH-0155,Q3-R-004,0,119,0,1
PH-0156,G01,294,4502,2,3
PH-0156,Q3-R-001,85,150,1,3
PH-0156,Q3-R-002,0,41,0,1
PH-0156,Q3-R-003,0,0,0,2
PH-0156,Q3-R-004,0,792,0,1
PH-0157,G01,185,287,1,1
PH-0157,Q3-R-001,101,168,1,1
PH-0157,Q3-R-002,13,209,1,2
PH-0157,Q3-R-003,11,68,1,2
PH-0157,Q3-R-004,0,116,0,1
PH-0158,G01,185,287,1,1
PH-0158,Q3-R-001,101,168,1,1
PH-0158,Q3-R-002,13,209,1,1
PH-0158,Q3-R-003,11,68,1,1
PH-0158,Q3-R-004,0,116,0,1
PH-0159,G01,185,287,1,1
PH-0159,Q3-R-001,101,168,1,1
PH-0159,Q3-R-002,13,209,1,2
PH-0159,Q3-R-003,11,68,1,2
PH-0159,Q3-R-004,0,116,0,1
PH-0160,G01,79,287,1,3
PH-0160,Q3-R-001,63,150,1,5
PH-0160,Q3-R-002,0,275,0,2
PH-0160,Q3-R-003,0,0,0,3
PH-0160,Q3-R-004,3,1416,2,5
PH-0161,G01,1,1,1,2
PH-0161,Q3-R-001,24,122,1,2
PH-0161,Q3-R-002,47,170,1,2
PH-0161,Q3-R-003,33,202,1,2
PH-0161,Q3-R-004,14,241,1,2
PH-0162,G01,1,1,1,2
PH-0162,Q3-R-001,24,122,1,2
PH-0162,Q3-R-002,47,170,1,2
PH-0162,Q3-R-003,33,202,1,2
PH-0162,Q3-R-004,14,241,1,2
PH-0163,G01,106,324,1,3
PH-0163,Q3-R-001,61,197,1,4
PH-0163,Q3-R-002,0,0,0,2
PH-0163,Q3-R-003,680,5902,1,3
PH-0163,Q3-R-004,0,15,0,1
PH-0164,G01,282,324,1,1
PH-0164,Q3-R-001,78,86,1,1
PH-0164,Q3-R-002,43,185,1,2
PH-0164,Q3-R-003,163,186,1,1
PH-0164,Q3-R-004,0,109,0,1
PH-0165,G01,282,324,1,1
PH-0165,Q3-R-001,78,86,1,1
PH-0165,Q3-R-002,43,185,1,1
PH-0165,Q3-R-003,163,186,1,1
PH-0165,Q3-R-004,0,109,0,1
PH-0166,G01,282,324,1,1
PH-0166,Q3-R-001,78,86,1,1
PH-0166,Q3-R-002,43,185,1,2
PH-0166,Q3-R-003,163,186,1,1
PH-0166,Q3-R-004,0,109,0,1
PH-0167,G01,3782,8870,1,1
PH-0167,Q3-R-001,693,4157,1,1
PH-0167,Q3-R-002,318,472,3,6
PH-0167,Q3-R-003,187,577,1,2
PH-0167,Q3-R-004,0,10,0,2
PH-0168,G01,135,272,1,1
PH-0168,Q3-R-001,26,137,1,1
PH-0168,Q3-R-002,30,38,1,1
PH-0168,Q3-R-003,33,77,1,1
PH-0168,Q3-R-004,0,7,0,1
PH-0169,G01,135,272,1,1
PH-0169,Q3-R-001,26,137,1,1
PH-0169,Q3-R-002,30,38,1,1
PH-0169,Q3-R-003,33,77,1,1
PH-0169,Q3-R-004,0,7,0,1
PH-0170,G01,135,272,1,1
PH-0170,Q3-R-001,26,137,1,2
PH-0170,Q3-R-002,30,38,1,1
PH-0170,Q3-R-003,33,77,1,1
PH-0170,Q3-R-004,0,7,0,1
PH-0171,G01,39,272,1,3
PH-0171,Q3-R-001,0,1174,0,3
PH-0171,Q3-R-002,3,3,1,3
PH-0171,Q3-R-003,123,2415,3,6
PH-0171,Q3-R-004,0,6,0,2
PH-0172,G01,1,1,1,2
PH-0172,Q3-R-001,24,122,1,2
PH-0172,Q3-R-002,47,170,1,2
PH-0172,Q3-R-003,33,202,1,2
PH-0172,Q3-R-004,14,241,1,2
PH-0173,G01,1,1,1,2
PH-0173,Q3-R-001,24,122,1,2
PH-0173,Q3-R-002,47,170,1,2
PH-0173,Q3-R-003,33,202,1,2
PH-0173,Q3-R-004,14,241,1,2
PH-0174,G01,40,230,1,3
PH-0174,Q3-R-001,0,22,0,1
PH-0174,Q3-R-002,0,4011,0,1
PH-0174,Q3-R-003,20,476,1,2
PH-0174,Q3-R-004,0,1944,0,1
PH-0175,G01,108,230,1,1
PH-0175,Q3-R-001,0,82,0,1
PH-0175,Q3-R-002,4,179,1,2
PH-0175,Q3-R-003,35,74,1,1
PH-0175,Q3-R-004,0,161,0,1
PH-0176,G01,108,230,1,1
PH-0176,Q3-R-001,0,82,0,1
PH-0176,Q3-R-002,4,179,1,1
PH-0176,Q3-R-003,35,74,1,1
PH-0176,Q3-R-004,0,161,0,1
PH-0177,G01,108,230,1,1
PH-0177,Q3-R-001,0,82,0,1
PH-0177,Q3-R-002,4,179,1,2
PH-0177,Q3-R-003,35,74,1,1
PH-0177,Q3-R-004,0,161,0,1
PH-0178,G01,40,230,1,3
PH-0178,Q3-R-001,0,22,0,1
PH-0178,Q3-R-002,0,4011,0,1
PH-0178,Q3-R-003,20,476,1,2
PH-0178,Q3-R-004,0,1944,0,1
PH-0179,G01,1,1,1,2
PH-0179,Q3-R-001,24,122,1,2
PH-0179,Q3-R-002,47,170,1,2
PH-0179,Q3-R-003,33,202,1,2
PH-0179,Q3-R-004,14,241,1,2
PH-0180,G01,1,1,1,2
PH-0180,Q3-R-001,24,122,1,2
PH-0180,Q3-R-002,47,170,1,2
PH-0180,Q3-R-003,33,202,1,2
PH-0180,Q3-R-004,14,241,1,2
PH-0181,G01,106,324,1,3
PH-0181,Q3-R-001,61,197,1,4
PH-0181,Q3-R-002,0,0,0,2
PH-0181,Q3-R-003,680,5902,1,3
PH-0181,Q3-R-004,0,15,0,1
PH-0182,G01,282,324,1,1
PH-0182,Q3-R-001,78,86,1,1
PH-0182,Q3-R-002,43,185,1,2
PH-0182,Q3-R-003,163,186,1,1
PH-0182,Q3-R-004,0,109,0,1
PH-0183,G01,282,324,1,1
PH-0183,Q3-R-001,78,86,1,1
PH-0183,Q3-R-002,43,185,1,1
PH-0183,Q3-R-003,163,186,1,1
PH-0183,Q3-R-004,0,109,0,1
PH-0184,G01,282,324,1,1
PH-0184,Q3-R-001,78,86,1,1
PH-0184,Q3-R-002,43,185,1,2
PH-0184,Q3-R-003,163,186,1,1
PH-0184,Q3-R-004,0,109,0,1
PH-0185,G01,106,324,1,3
PH-0185,Q3-R-001,61,197,1,4
PH-0185,Q3-R-002,0,0,0,2
PH-0185,Q3-R-003,680,5902,1,3
PH-0185,Q3-R-004,0,15,0,1
PH-0186,G01,1,1,1,2
PH-0186,Q3-R-001,24,122,1,2
PH-0186,Q3-R-002,47,170,1,2
PH-0186,Q3-R-003,33,202,1,2
PH-0186,Q3-R-004,14,241,1,2
PH-0187,G01,1,1,1,2
PH-0187,Q3-R-001,24,122,1,2
PH-0187,Q3-R-002,47,170,1,2
PH-0187,Q3-R-003,33,202,1,2
PH-0187,Q3-R-004,14,241,1,2
PH-0188,G01,79,287,1,3
PH-0188,Q3-R-001,63,150,1,5
PH-0188,Q3-R-002,0,275,0,2
PH-0188,Q3-R-003,0,0,0,3
PH-0188,Q3-R-004,3,1416,2,5
PH-0189,G01,185,287,1,1
PH-0189,Q3-R-001,101,168,1,1
PH-0189,Q3-R-002,13,209,1,2
PH-0189,Q3-R-003,11,68,1,2
PH-0189,Q3-R-004,0,116,0,1
PH-0190,G01,185,287,1,1
PH-0190,Q3-R-001,101,168,1,1
PH-0190,Q3-R-002,13,209,1,1
PH-0190,Q3-R-003,11,68,1,1
PH-0190,Q3-R-004,0,116,0,1
PH-0191,G01,185,287,1,1
PH-0191,Q3-R-001,101,168,1,1
PH-0191,Q3-R-002,13,209,1,2
PH-0191,Q3-R-003,11,68,1,2
PH-0191,Q3-R-004,0,116,0,1
PH-0192,G01,79,287,1,3
PH-0192,Q3-R-001,63,150,1,5
PH-0192,Q3-R-002,0,275,0,2
PH-0192,Q3-R-003,0,0,0,3
PH-0192,Q3-R-004,3,1416,2,5
PH-0193,G01,1,1,1,2
PH-0193,Q3-R-001,24,122,1,2
PH-0193,Q3-R-002,47,170,1,2
PH-0193,Q3-R-003,33,202,1,2
PH-0193,Q3-R-004,14,241,1,2
PH-0194,G01,1,1,1,2
PH-0194,Q3-R-001,24,122,1,2
PH-0194,Q3-R-002,47,170,1,2
PH-0194,Q3-R-003,33,202,1,2
PH-0194,Q3-R-004,14,241,1,2
PH-0195,G01,39,272,1,3
PH-0195,Q3-R-001,0,1174,0,3
PH-0195,Q3-R-002,3,3,1,3
PH-0195,Q3-R-003,123,2415,3,6
PH-0195,Q3-R-004,0,6,0,2
PH-0196,G01,135,272,1,1
PH-0196,Q3-R-001,26,137,1,2
PH-0196,Q3-R-002,30,38,1,1
PH-0196,Q3-R-003,33,77,1,1
PH-0196,Q3-R-004,0,7,0,1
PH-0197,G01,135,272,1,1
PH-0197,Q3-R-001,26,137,1,1
PH-0197,Q3-R-002,30,38,1,1
PH-0197,Q3-R-003,33,77,1,1
PH-0197,Q3-R-004,0,7,0,1
PH-0198,G01,135,272,1,1
PH-0198,Q3-R-001,26,137,1,2
PH-0198,Q3-R-002,30,38,1,1
PH-0198,Q3-R-003,33,77,1,1
PH-0198,Q3-R-004,0,7,0,1
PH-0199,G01,39,272,1,3
PH-0199,Q3-R-001,0,1174,0,3
PH-0199,Q3-R-002,3,3,1,3
PH-0199,Q3-R-003,123,2415,3,6
PH-0199,Q3-R-004,0,6,0,2
PH-0200,G01,1,1,1,2
PH-0200,Q3-R-001,24,122,1,2
PH-0200,Q3-R-002,47,170,1,2
PH-0200,Q3-R-003,33,202,1,2
PH-0200,Q3-R-004,14,241,1,2
PH-0201,G01,1,1,1,2
PH-0201,Q3-R-001,24,122,1,2
PH-0201,Q3-R-002,47,170,1,2
PH-0201,Q3-R-003,33,202,1,2
PH-0201,Q3-R-004,14,241,1,2
PH-0202,G01,8,138,1,3
PH-0202,Q3-R-001,2,22,1,2
PH-0202,Q3-R-002,0,1437,0,2
PH-0202,Q3-R-003,0,0,0,2
PH-0202,Q3-R-004,0,1340,0,1
PH-0203,G01,116,138,1,1
PH-0203,Q3-R-001,68,181,1,1
PH-0203,Q3-R-002,21,274,1,2
PH-0203,Q3-R-003,6,36,1,2
PH-0203,Q3-R-004,0,119,0,1
PH-0204,G01,116,138,1,1
PH-0204,Q3-R-001,68,181,1,1
PH-0204,Q3-R-002,21,274,1,1
PH-0204,Q3-R-003,6,36,1,1
PH-0204,Q3-R-004,0,119,0,1
PH-0205,G01,116,138,1,1
PH-0205,Q3-R-001,68,181,1,1
PH-0205,Q3-R-002,21,274,1,2
PH-0205,Q3-R-003,6,36,1,2
PH-0205,Q3-R-004,0,119,0,1
PH-0206,G01,8,138,1,3
PH-0206,Q3-R-001,2,22,1,2
PH-0206,Q3-R-002,0,1437,0,2
PH-0206,Q3-R-003,0,0,0,2
PH-0206,Q3-R-004,0,1340,0,1
PH-0207,G01,1,1,1,2
PH-0207,Q3-R-001,24,122,1,2
PH-0207,Q3-R-002,47,170,1,2
PH-0207,Q3-R-003,33,202,1,2
PH-0207,Q3-R-004,14,241,1,2
PH-0208,G01,1,1,1,2
PH-0208,Q3-R-001,24,122,1,2
PH-0208,Q3-R-002,47,170,1,2
PH-0208,Q3-R-003,33,202,1,2
PH-0208,Q3-R-004,14,241,1,2
PH-0209,G01,3,88,1,2
PH-0209,Q3-R-001,4,26,1,3
PH-0209,Q3-R-002,0,1695,0,2
PH-0209,Q3-R-003,0,35,0,1
PH-0209,Q3-R-004,0,433,0,1
PH-0210,G01,49,88,1,1
PH-0210,Q3-R-001,25,73,1,1
PH-0210,Q3-R-002,0,188,0,1
PH-0210,Q3-R-003,25,107,1,2
PH-0210,Q3-R-004,0,90,0,1
PH-0211,G01,49,88,1,1
PH-0211,Q3-R-001,25,73,1,1
PH-0211,Q3-R-002,0,188,0,1
PH-0211,Q3-R-003,25,107,1,1
PH-0211,Q3-R-004,0,90,0,1
PH-0212,G01,49,88,1,1
PH-0212,Q3-R-001,25,73,1,1
PH-0212,Q3-R-002,0,188,0,1
PH-0212,Q3-R-003,25,107,1,2
PH-0212,Q3-R-004,0,90,0,1
PH-0213,G01,3,88,1,2
PH-0213,Q3-R-001,4,26,1,3
PH-0213,Q3-R-002,0,1695,0,2
PH-0213,Q3-R-003,0,35,0,1
PH-0213,Q3-R-004,0,433,0,1
PH-0214,G01,1,1,1,2
PH-0214,Q3-R-001,24,122,1,2
PH-0214,Q3-R-002,47,170,1,2
PH-0214,Q3-R-003,33,202,1,2
PH-0214,Q3-R-004,14,241,1,2
