box_id,trip_id,service_id,model_id,drone_id,delivery_complete_s,expected_s,hard_deadline_s,first_deadline_s,is_first_batch,is_medical,priority,tardiness_s,hard_slack_s,weight_kg,volume_m3
S001-FOD-01,Q2-031,S001,A,U03,6599.860993751544,7200.0,,,False,False,10,0.0,,8.0,0.028
S001-FOD-02,Q2-031,S001,A,U03,6629.860993751544,7200.0,,,False,False,10,0.0,,8.0,0.028
S001-FOD-03,Q2-018,S001,A,U03,3410.3720885265884,7200.0,,,False,False,10,0.0,,8.0,0.028
S001-HYG-01,Q2-008,S001,C,U08,1080.2695386645796,10800.0,,,False,False,8,0.0,,6.0,0.035
S001-HYG-02,Q2-008,S001,C,U08,1116.2695386645796,10800.0,,,False,False,8,0.0,,6.0,0.035
S001-MED-01,Q2-003,S001,A,U03,878.5730843719844,3600.0,3600.0,3600.0,True,True,24,0.0,2721.4269156280156,3.0,0.012
S001-MED-02,Q2-010,S001,A,U03,2129.472586449286,3600.0,3600.0,,False,True,24,0.0,1470.5274135507138,3.0,0.012
S001-WAT-01,Q2-008,S001,C,U08,972.2695386645796,3600.0,3600.0,3600.0,True,False,12,0.0,2627.7304613354204,14.0,0.027
S001-WAT-02,Q2-010,S001,A,U03,2159.472586449286,3600.0,,,False,False,12,0.0,,14.0,0.027
S001-WAT-03,Q2-008,S001,C,U08,1008.2695386645796,3600.0,,,False,False,12,0.0,,14.0,0.027
S001-WAT-04,Q2-003,S001,A,U03,908.5730843719844,3600.0,,,False,False,12,0.0,,14.0,0.027
S001-WAT-05,Q2-006,S001,B,U06,827.6734369800093,3600.0,,,False,False,12,0.0,,14.0,0.027
S001-WAT-06,Q2-018,S001,A,U03,3380.3720885265884,3600.0,,,False,False,12,0.0,,14.0,0.027
S001-WAT-07,Q2-008,S001,C,U08,1044.2695386645796,3600.0,,,False,False,12,0.0,,14.0,0.027
S001-WAT-08,Q2-006,S001,B,U06,857.6734369800093,3600.0,,,False,False,12,0.0,,14.0,0.027
S002-FOD-01,Q2-007,S002,C,U07,1451.3161924076305,7200.0,,,False,False,10,0.0,,8.0,0.028
S002-FOD-02,Q2-002,S002,A,U02,1283.8089909673017,7200.0,,,False,False,10,0.0,,8.0,0.028
S002-HYG-01,Q2-007,S002,C,U07,1487.3161924076305,10800.0,,,False,False,8,0.0,,6.0,0.035
S002-MED-01,Q2-007,S002,C,U07,1307.3161924076305,3600.0,3600.0,3600.0,True,True,24,0.0,2292.6838075923697,3.0,0.012
S002-WAT-01,Q2-007,S002,C,U07,1343.3161924076305,3600.0,3600.0,3600.0,True,False,12,0.0,2256.6838075923697,14.0,0.027
S002-WAT-02,Q2-007,S002,C,U07,1379.3161924076305,3600.0,,,False,False,12,0.0,,14.0,0.027
S002-WAT-03,Q2-002,S002,A,U02,1253.8089909673017,3600.0,,,False,False,12,0.0,,14.0,0.027
S002-WAT-04,Q2-007,S002,C,U07,1415.3161924076305,3600.0,,,False,False,12,0.0,,14.0,0.027
S003-FOD-01,Q2-025,S003,A,U04,6032.4420040836285,10800.0,,,False,False,8,0.0,,8.0,0.028
S003-FOD-02,Q2-024,S003,C,U07,6135.858309037677,10800.0,,,False,False,8,0.0,,8.0,0.028
S003-HYG-01,Q2-024,S003,C,U07,6171.858309037677,14400.0,,,False,False,6,0.0,,6.0,0.035
S003-MED-01,Q2-024,S003,C,U07,5991.858309037677,7200.0,7200.0,7200.0,True,True,20,0.0,1208.141690962323,3.0,0.012
S003-WAT-01,Q2-024,S003,C,U07,6027.858309037677,7200.0,7200.0,7200.0,True,False,10,0.0,1172.141690962323,14.0,0.027
S003-WAT-02,Q2-025,S003,A,U04,6002.4420040836285,7200.0,,,False,False,10,0.0,,14.0,0.027
S003-WAT-03,Q2-024,S003,C,U07,6063.858309037677,7200.0,,,False,False,10,0.0,,14.0,0.027
S003-WAT-04,Q2-024,S003,C,U07,6099.858309037677,7200.0,,,False,False,10,0.0,,14.0,0.027
S004-FOD-01,Q2-026,S004,A,U02,6073.8304831710175,10800.0,,,False,False,8,0.0,,8.0,0.028
S004-HYG-01,Q2-029,S004,B,U06,6303.535818550285,14400.0,,,False,False,6,0.0,,6.0,0.035
S004-MED-01,Q2-021,S004,B,U05,4676.393243826542,7200.0,7200.0,7200.0,True,True,20,0.0,2523.606756173458,3.0,0.012
S004-WAT-01,Q2-021,S004,B,U05,4706.393243826542,7200.0,7200.0,7200.0,True,False,10,0.0,2493.606756173458,14.0,0.027
S004-WAT-02,Q2-029,S004,B,U06,6273.535818550285,7200.0,,,False,False,10,0.0,,14.0,0.027
S004-WAT-03,Q2-026,S004,A,U02,6043.8304831710175,7200.0,,,False,False,10,0.0,,14.0,0.027
S005-FOD-01,Q2-020,S005,A,U01,4491.420164199104,14400.0,,,False,False,6,0.0,,8.0,0.028
S005-HYG-01,Q2-019,S005,C,U08,4281.032272604295,18000.0,,,False,False,4,0.0,,6.0,0.035
S005-MED-01,Q2-019,S005,C,U08,4173.032272604295,10800.0,10800.0,10800.0,True,True,16,0.0,6626.967727395705,3.0,0.012
S005-WAT-01,Q2-020,S005,A,U01,4461.420164199104,10800.0,10800.0,10800.0,True,False,8,0.0,6338.579835800896,14.0,0.027
S005-WAT-02,Q2-019,S005,C,U08,4209.032272604295,10800.0,,,False,False,8,0.0,,14.0,0.027
S005-WAT-03,Q2-019,S005,C,U08,4245.032272604295,10800.0,,,False,False,8,0.0,,14.0,0.027
S006-FOD-01,Q2-001,S006,A,U01,935.5024303951557,7200.0,,,False,False,10,0.0,,8.0,0.028
S006-HYG-01,Q2-009,S006,B,U06,2031.4991680482788,10800.0,,,False,False,8,0.0,,6.0,0.035
S006-MED-01,Q2-004,S006,A,U04,905.5024303951557,3600.0,3600.0,3600.0,True,True,24,0.0,2694.497569604844,3.0,0.012
S006-WAT-01,Q2-001,S006,A,U01,905.5024303951557,3600.0,3600.0,3600.0,True,False,12,0.0,2694.497569604844,14.0,0.027
S006-WAT-02,Q2-004,S006,A,U04,935.5024303951557,3600.0,,,False,False,12,0.0,,14.0,0.027
S006-WAT-03,Q2-009,S006,B,U06,2001.4991680482788,3600.0,,,False,False,12,0.0,,14.0,0.027
S007-FOD-01,Q2-013,S007,B,U05,2905.5341158717556,7200.0,,,False,False,10,0.0,,8.0,0.028
S007-HYG-01,Q2-013,S007,B,U05,2935.5341158717556,10800.0,,,False,False,8,0.0,,6.0,0.035
S007-MED-01,Q2-015,S007,A,U04,3220.5676522136264,3600.0,3600.0,3600.0,True,True,24,0.0,379.4323477863736,3.0,0.012
S007-WAT-01,Q2-017,S007,B,U06,3362.1491616266803,3600.0,3600.0,3600.0,True,False,12,0.0,237.85083837331968,14.0,0.027
S007-WAT-02,Q2-015,S007,A,U04,3250.5676522136264,3600.0,,,False,False,12,0.0,,14.0,0.027
S008-FOD-01,Q2-027,S008,C,U08,6246.683141409917,10800.0,,,False,False,8,0.0,,8.0,0.028
S008-HYG-01,Q2-027,S008,C,U08,6282.683141409917,14400.0,,,False,False,6,0.0,,6.0,0.035
S008-MED-01,Q2-027,S008,C,U08,6138.683141409917,7200.0,7200.0,7200.0,True,True,20,0.0,1061.316858590083,3.0,0.012
S008-WAT-01,Q2-027,S008,C,U08,6174.683141409917,7200.0,7200.0,7200.0,True,False,10,0.0,1025.316858590083,14.0,0.027
S008-WAT-02,Q2-027,S008,C,U08,6210.683141409917,7200.0,,,False,False,10,0.0,,14.0,0.027
S009-FOD-01,Q2-030,S009,B,U05,6476.379262235896,14400.0,,,False,False,6,0.0,,8.0,0.028
S009-MED-01,Q2-030,S009,B,U05,6416.379262235896,10800.0,10800.0,10800.0,True,True,16,0.0,4383.620737764104,3.0,0.012
S009-WAT-01,Q2-030,S009,B,U05,6446.379262235896,10800.0,10800.0,10800.0,True,False,8,0.0,4353.620737764104,14.0,0.027
S010-FOD-01,Q2-014,S010,C,U07,3269.971590338271,7200.0,,,False,False,10,0.0,,8.0,0.028
S010-MED-01,Q2-014,S010,C,U07,3197.971590338271,3600.0,3600.0,3600.0,True,True,24,0.0,402.0284096617288,3.0,0.012
S010-WAT-01,Q2-014,S010,C,U07,3233.971590338271,3600.0,3600.0,3600.0,True,False,12,0.0,366.0284096617288,14.0,0.027
S011-FOD-01,Q2-023,S011,B,U06,4779.043763901067,14400.0,,,False,False,6,0.0,,8.0,0.028
S011-MED-01,Q2-023,S011,B,U06,4719.043763901067,10800.0,10800.0,10800.0,True,True,16,0.0,6080.956236098933,3.0,0.012
S011-WAT-01,Q2-023,S011,B,U06,4749.043763901067,10800.0,10800.0,10800.0,True,False,8,0.0,6050.956236098933,14.0,0.027
S012-FOD-01,Q2-016,S012,A,U02,3526.8501637372574,7200.0,,,False,False,10,0.0,,8.0,0.028
S012-MED-01,Q2-016,S012,A,U02,3496.8501637372574,7200.0,3600.0,3600.0,True,True,22,0.0,103.14983626274261,3.0,0.012
S012-WAT-01,Q2-011,S012,A,U01,2587.9532309453098,3600.0,3600.0,3600.0,True,False,12,0.0,1012.0467690546902,14.0,0.027
S013-FOD-01,Q2-012,S013,C,U08,2561.785543835282,7200.0,,,False,False,10,0.0,,8.0,0.028
S013-MED-01,Q2-012,S013,C,U08,2489.785543835282,3600.0,3600.0,3600.0,True,True,24,0.0,1110.2144561647178,3.0,0.012
S013-WAT-01,Q2-012,S013,C,U08,2525.785543835282,3600.0,3600.0,3600.0,True,False,12,0.0,1074.2144561647178,14.0,0.027
S014-FOD-01,Q2-005,S014,B,U05,1242.434874857474,7200.0,,,False,False,10,0.0,,8.0,0.028
S014-MED-01,Q2-005,S014,B,U05,1212.434874857474,7200.0,3600.0,3600.0,True,True,22,0.0,2387.565125142526,3.0,0.012
S014-WAT-01,Q2-005,S014,B,U05,1182.434874857474,3600.0,3600.0,3600.0,True,False,12,0.0,2417.565125142526,14.0,0.027
S015-FOD-01,Q2-022,S015,A,U03,5010.433207805732,14400.0,,,False,False,6,0.0,,8.0,0.028
S015-MED-01,Q2-022,S015,A,U03,4980.433207805732,7200.0,7200.0,7200.0,True,True,18,0.0,2219.5667921942677,3.0,0.012
S015-WAT-01,Q2-028,S015,A,U01,6252.493428871726,10800.0,10800.0,10800.0,True,False,8,0.0,4547.506571128274,14.0,0.027
