check,pass,details
partition_admissible,True,
K3-G1/fixed_task_membership,True,
K3-G1/transport_A/count,True,
K3-G1/transport_B/count,True,
K3-G1/transport_C/count,True,
K3-G1/battery_A/count,True,
K3-G1/battery_B/count,True,
K3-G1/battery_C/count,True,
K3-G1/relay_drone/count,True,
K3-G1/relay_energy/count,True,
K3-G2/fixed_task_membership,True,
K3-G2/transport_A/count,True,
K3-G2/transport_B/count,True,
K3-G2/transport_C/count,True,
K3-G2/battery_A/count,True,
K3-G2/battery_B/count,True,
K3-G2/battery_C/count,True,
K3-G2/relay_drone/count,True,
K3-G2/relay_energy/count,True,
K3-G3/fixed_task_membership,True,
K3-G3/transport_A/count,True,
K3-G3/transport_B/count,True,
K3-G3/transport_C/count,True,
K3-G3/battery_A/count,True,
K3-G3/battery_B/count,True,
K3-G3/battery_C/count,True,
K3-G3/relay_drone/count,True,
K3-G3/relay_energy/count,True,
all_26_source_transport_tasks_once,True,
Q3-T-001/frozen_架次编号,True,
Q3-T-001/frozen_机型编号,True,
Q3-T-001/frozen_开始时刻（s）,True,
Q3-T-001/frozen_访问服务区顺序,True,
Q3-T-001/frozen_返回O01时刻（s）,True,
Q3-T-001/frozen_架次能耗（kWh）,True,
Q3-T-002/frozen_架次编号,True,
Q3-T-002/frozen_机型编号,True,
Q3-T-002/frozen_开始时刻（s）,True,
Q3-T-002/frozen_访问服务区顺序,True,
Q3-T-002/frozen_返回O01时刻（s）,True,
Q3-T-002/frozen_架次能耗（kWh）,True,
Q3-T-003/frozen_架次编号,True,
Q3-T-003/frozen_机型编号,True,
Q3-T-003/frozen_开始时刻（s）,True,
Q3-T-003/frozen_访问服务区顺序,True,
Q3-T-003/frozen_返回O01时刻（s）,True,
Q3-T-003/frozen_架次能耗（kWh）,True,
Q3-T-004/frozen_架次编号,True,
Q3-T-004/frozen_机型编号,True,
Q3-T-004/frozen_开始时刻（s）,True,
Q3-T-004/frozen_访问服务区顺序,True,
Q3-T-004/frozen_返回O01时刻（s）,True,
Q3-T-004/frozen_架次能耗（kWh）,True,
Q3-T-005/frozen_架次编号,True,
Q3-T-005/frozen_机型编号,True,
Q3-T-005/frozen_开始时刻（s）,True,
Q3-T-005/frozen_访问服务区顺序,True,
Q3-T-005/frozen_返回O01时刻（s）,True,
Q3-T-005/frozen_架次能耗（kWh）,True,
Q3-T-006/frozen_架次编号,True,
Q3-T-006/frozen_机型编号,True,
Q3-T-006/frozen_开始时刻（s）,True,
Q3-T-006/frozen_访问服务区顺序,True,
Q3-T-006/frozen_返回O01时刻（s）,True,
Q3-T-006/frozen_架次能耗（kWh）,True,
Q3-T-007/frozen_架次编号,True,
Q3-T-007/frozen_机型编号,True,
Q3-T-007/frozen_开始时刻（s）,True,
Q3-T-007/frozen_访问服务区顺序,True,
Q3-T-007/frozen_返回O01时刻（s）,True,
Q3-T-007/frozen_架次能耗（kWh）,True,
Q3-T-008/frozen_架次编号,True,
Q3-T-008/frozen_机型编号,True,
Q3-T-008/frozen_开始时刻（s）,True,
Q3-T-008/frozen_访问服务区顺序,True,
Q3-T-008/frozen_返回O01时刻（s）,True,
Q3-T-008/frozen_架次能耗（kWh）,True,
Q3-T-009/frozen_架次编号,True,
Q3-T-009/frozen_机型编号,True,
Q3-T-009/frozen_开始时刻（s）,True,
Q3-T-009/frozen_访问服务区顺序,True,
Q3-T-009/frozen_返回O01时刻（s）,True,
Q3-T-009/frozen_架次能耗（kWh）,True,
Q3-T-010/frozen_架次编号,True,
Q3-T-010/frozen_机型编号,True,
Q3-T-010/frozen_开始时刻（s）,True,
Q3-T-010/frozen_访问服务区顺序,True,
Q3-T-010/frozen_返回O01时刻（s）,True,
Q3-T-010/frozen_架次能耗（kWh）,True,
Q3-T-011/frozen_架次编号,True,
Q3-T-011/frozen_机型编号,True,
Q3-T-011/frozen_开始时刻（s）,True,
Q3-T-011/frozen_访问服务区顺序,True,
Q3-T-011/frozen_返回O01时刻（s）,True,
Q3-T-011/frozen_架次能耗（kWh）,True,
Q3-T-012/frozen_架次编号,True,
Q3-T-012/frozen_机型编号,True,
Q3-T-012/frozen_开始时刻（s）,True,
Q3-T-012/frozen_访问服务区顺序,True,
Q3-T-012/frozen_返回O01时刻（s）,True,
Q3-T-012/frozen_架次能耗（kWh）,True,
Q3-T-013/frozen_架次编号,True,
Q3-T-013/frozen_机型编号,True,
Q3-T-013/frozen_开始时刻（s）,True,
Q3-T-013/frozen_访问服务区顺序,True,
Q3-T-013/frozen_返回O01时刻（s）,True,
Q3-T-013/frozen_架次能耗（kWh）,True,
Q3-T-014/frozen_架次编号,True,
Q3-T-014/frozen_机型编号,True,
Q3-T-014/frozen_开始时刻（s）,True,
Q3-T-014/frozen_访问服务区顺序,True,
Q3-T-014/frozen_返回O01时刻（s）,True,
Q3-T-014/frozen_架次能耗（kWh）,True,
Q3-T-015/frozen_架次编号,True,
Q3-T-015/frozen_机型编号,True,
Q3-T-015/frozen_开始时刻（s）,True,
Q3-T-015/frozen_访问服务区顺序,True,
Q3-T-015/frozen_返回O01时刻（s）,True,
Q3-T-015/frozen_架次能耗（kWh）,True,
Q3-T-016/frozen_架次编号,True,
Q3-T-016/frozen_机型编号,True,
Q3-T-016/frozen_开始时刻（s）,True,
Q3-T-016/frozen_访问服务区顺序,True,
Q3-T-016/frozen_返回O01时刻（s）,True,
Q3-T-016/frozen_架次能耗（kWh）,True,
Q3-T-017/frozen_架次编号,True,
Q3-T-017/frozen_机型编号,True,
Q3-T-017/frozen_开始时刻（s）,True,
Q3-T-017/frozen_访问服务区顺序,True,
Q3-T-017/frozen_返回O01时刻（s）,True,
Q3-T-017/frozen_架次能耗（kWh）,True,
Q3-T-018/frozen_架次编号,True,
Q3-T-018/frozen_机型编号,True,
Q3-T-018/frozen_开始时刻（s）,True,
Q3-T-018/frozen_访问服务区顺序,True,
Q3-T-018/frozen_返回O01时刻（s）,True,
Q3-T-018/frozen_架次能耗（kWh）,True,
Q3-T-019/frozen_架次编号,True,
Q3-T-019/frozen_机型编号,True,
Q3-T-019/frozen_开始时刻（s）,True,
Q3-T-019/frozen_访问服务区顺序,True,
Q3-T-019/frozen_返回O01时刻（s）,True,
Q3-T-019/frozen_架次能耗（kWh）,True,
Q3-T-020/frozen_架次编号,True,
Q3-T-020/frozen_机型编号,True,
Q3-T-020/frozen_开始时刻（s）,True,
Q3-T-020/frozen_访问服务区顺序,True,
Q3-T-020/frozen_返回O01时刻（s）,True,
Q3-T-020/frozen_架次能耗（kWh）,True,
Q3-T-021/frozen_架次编号,True,
Q3-T-021/frozen_机型编号,True,
Q3-T-021/frozen_开始时刻（s）,True,
Q3-T-021/frozen_访问服务区顺序,True,
Q3-T-021/frozen_返回O01时刻（s）,True,
Q3-T-021/frozen_架次能耗（kWh）,True,
Q3-T-022/frozen_架次编号,True,
Q3-T-022/frozen_机型编号,True,
Q3-T-022/frozen_开始时刻（s）,True,
Q3-T-022/frozen_访问服务区顺序,True,
Q3-T-022/frozen_返回O01时刻（s）,True,
Q3-T-022/frozen_架次能耗（kWh）,True,
Q3-T-023/frozen_架次编号,True,
Q3-T-023/frozen_机型编号,True,
Q3-T-023/frozen_开始时刻（s）,True,
Q3-T-023/frozen_访问服务区顺序,True,
Q3-T-023/frozen_返回O01时刻（s）,True,
Q3-T-023/frozen_架次能耗（kWh）,True,
Q3-T-024/frozen_架次编号,True,
Q3-T-024/frozen_机型编号,True,
Q3-T-024/frozen_开始时刻（s）,True,
Q3-T-024/frozen_访问服务区顺序,True,
Q3-T-024/frozen_返回O01时刻（s）,True,
Q3-T-024/frozen_架次能耗（kWh）,True,
Q3-T-025/frozen_架次编号,True,
Q3-T-025/frozen_机型编号,True,
Q3-T-025/frozen_开始时刻（s）,True,
Q3-T-025/frozen_访问服务区顺序,True,
Q3-T-025/frozen_返回O01时刻（s）,True,
Q3-T-025/frozen_架次能耗（kWh）,True,
all_boxes_exactly_frozen,True,
strict_source_relays_exactly_once_no_copy,True,
exact_required_relay_copies,True,
Q3-R-002@K3-G1/known_source,True,
Q3-R-002@K3-G1/frozen_开始时刻（s）,True,
Q3-R-002@K3-G1/frozen_悬停经度（°）,True,
Q3-R-002@K3-G1/frozen_悬停纬度（°）,True,
Q3-R-002@K3-G1/frozen_悬停海拔（m）,True,
Q3-R-002@K3-G1/frozen_建链完成时刻（s）,True,
Q3-R-002@K3-G1/frozen_服务结束时刻（s）,True,
Q3-R-002@K3-G1/frozen_返回O01时刻（s）,True,
Q3-R-002@K3-G1/frozen_架次能耗（kWh）,True,
Q3-R-003@K3-G1/known_source,True,
Q3-R-003@K3-G1/frozen_开始时刻（s）,True,
Q3-R-003@K3-G1/frozen_悬停经度（°）,True,
Q3-R-003@K3-G1/frozen_悬停纬度（°）,True,
Q3-R-003@K3-G1/frozen_悬停海拔（m）,True,
Q3-R-003@K3-G1/frozen_建链完成时刻（s）,True,
Q3-R-003@K3-G1/frozen_服务结束时刻（s）,True,
Q3-R-003@K3-G1/frozen_返回O01时刻（s）,True,
Q3-R-003@K3-G1/frozen_架次能耗（kWh）,True,
Q3-R-004@K3-G1/known_source,True,
Q3-R-004@K3-G1/frozen_开始时刻（s）,True,
Q3-R-004@K3-G1/frozen_悬停经度（°）,True,
Q3-R-004@K3-G1/frozen_悬停纬度（°）,True,
Q3-R-004@K3-G1/frozen_悬停海拔（m）,True,
Q3-R-004@K3-G1/frozen_建链完成时刻（s）,True,
Q3-R-004@K3-G1/frozen_服务结束时刻（s）,True,
Q3-R-004@K3-G1/frozen_返回O01时刻（s）,True,
Q3-R-004@K3-G1/frozen_架次能耗（kWh）,True,
Q3-R-001@K3-G3/known_source,True,
Q3-R-001@K3-G3/frozen_开始时刻（s）,True,
Q3-R-001@K3-G3/frozen_悬停经度（°）,True,
Q3-R-001@K3-G3/frozen_悬停纬度（°）,True,
Q3-R-001@K3-G3/frozen_悬停海拔（m）,True,
Q3-R-001@K3-G3/frozen_建链完成时刻（s）,True,
Q3-R-001@K3-G3/frozen_服务结束时刻（s）,True,
Q3-R-001@K3-G3/frozen_返回O01时刻（s）,True,
Q3-R-001@K3-G3/frozen_架次能耗（kWh）,True,
entire_communication_relation_including_points_frozen,True,
source_communication_rows_exact_once,True,
comm_lineage_0,True,
comm_lineage_1,True,
comm_lineage_2,True,
comm_lineage_3,True,
comm_lineage_4,True,
comm_lineage_5,True,
comm_lineage_6,True,
comm_lineage_7,True,
comm_lineage_8,True,
comm_lineage_9,True,
comm_lineage_10,True,
comm_lineage_11,True,
comm_lineage_12,True,
comm_lineage_13,True,
comm_lineage_14,True,
comm_lineage_15,True,
comm_lineage_16,True,
comm_lineage_17,True,
comm_lineage_18,True,
comm_lineage_19,True,
comm_lineage_20,True,
comm_lineage_21,True,
comm_lineage_22,True,
comm_lineage_23,True,
comm_lineage_24,True,
comm_lineage_25,True,
comm_lineage_26,True,
comm_lineage_27,True,
comm_lineage_28,True,
comm_lineage_29,True,
comm_lineage_30,True,
comm_lineage_31,True,
comm_lineage_32,True,
comm_lineage_33,True,
comm_lineage_34,True,
comm_lineage_35,True,
comm_lineage_36,True,
comm_lineage_37,True,
comm_lineage_38,True,
comm_lineage_39,True,
comm_lineage_40,True,
comm_lineage_41,True,
comm_lineage_42,True,
comm_lineage_43,True,
comm_lineage_44,True,
comm_lineage_45,True,
comm_lineage_46,True,
comm_lineage_47,True,
comm_lineage_48,True,
comm_lineage_49,True,
comm_lineage_50,True,
comm_lineage_51,True,
comm_lineage_52,True,
comm_lineage_53,True,
comm_lineage_54,True,
comm_lineage_55,True,
comm_lineage_56,True,
comm_lineage_57,True,
comm_lineage_58,True,
comm_lineage_59,True,
comm_lineage_60,True,
comm_lineage_61,True,
comm_lineage_62,True,
comm_lineage_63,True,
comm_lineage_64,True,
comm_lineage_65,True,
comm_lineage_66,True,
comm_lineage_67,True,
comm_lineage_68,True,
comm_lineage_69,True,
comm_lineage_70,True,
comm_lineage_71,True,
comm_lineage_72,True,
comm_lineage_73,True,
comm_lineage_74,True,
comm_lineage_75,True,
comm_lineage_76,True,
comm_lineage_77,True,
comm_lineage_78,True,
comm_lineage_79,True,
comm_lineage_80,True,
comm_lineage_81,True,
comm_lineage_82,True,
comm_lineage_83,True,
comm_lineage_84,True,
comm_lineage_85,True,
comm_lineage_86,True,
comm_lineage_87,True,
comm_lineage_88,True,
comm_lineage_89,True,
comm_lineage_90,True,
comm_lineage_91,True,
comm_lineage_92,True,
comm_lineage_93,True,
comm_lineage_94,True,
comm_lineage_95,True,
comm_lineage_96,True,
comm_lineage_97,True,
comm_lineage_98,True,
comm_lineage_99,True,
comm_lineage_100,True,
comm_lineage_101,True,
comm_lineage_102,True,
comm_lineage_103,True,
comm_lineage_104,True,
comm_lineage_105,True,
comm_lineage_106,True,
comm_lineage_107,True,
comm_lineage_108,True,
comm_lineage_109,True,
comm_lineage_110,True,
comm_lineage_111,True,
comm_lineage_112,True,
comm_lineage_113,True,
comm_lineage_114,True,
comm_lineage_115,True,
comm_lineage_116,True,
comm_lineage_117,True,
comm_lineage_118,True,
comm_lineage_119,True,
comm_lineage_120,True,
comm_lineage_121,True,
comm_lineage_122,True,
comm_lineage_123,True,
comm_lineage_124,True,
comm_lineage_125,True,
comm_lineage_126,True,
comm_lineage_127,True,
comm_lineage_128,True,
comm_lineage_129,True,
comm_lineage_130,True,
comm_lineage_131,True,
comm_lineage_132,True,
comm_lineage_133,True,
comm_lineage_134,True,
comm_lineage_135,True,
comm_lineage_136,True,
comm_lineage_137,True,
comm_lineage_138,True,
comm_lineage_139,True,
comm_lineage_140,True,
comm_lineage_141,True,
comm_lineage_142,True,
comm_lineage_143,True,
comm_lineage_144,True,
comm_lineage_145,True,
comm_lineage_146,True,
comm_lineage_147,True,
comm_lineage_148,True,
comm_lineage_149,True,
comm_lineage_150,True,
comm_lineage_151,True,
comm_lineage_152,True,
comm_lineage_153,True,
comm_lineage_154,True,
comm_lineage_155,True,
comm_lineage_156,True,
comm_lineage_157,True,
comm_lineage_158,True,
comm_lineage_159,True,
comm_lineage_160,True,
comm_lineage_161,True,
comm_lineage_162,True,
comm_lineage_163,True,
comm_lineage_164,True,
comm_lineage_165,True,
comm_lineage_166,True,
comm_lineage_167,True,
comm_lineage_168,True,
comm_lineage_169,True,
comm_lineage_170,True,
comm_lineage_171,True,
comm_lineage_172,True,
comm_lineage_173,True,
comm_lineage_174,True,
comm_lineage_175,True,
comm_lineage_176,True,
comm_lineage_177,True,
comm_lineage_178,True,
comm_lineage_179,True,
comm_lineage_180,True,
comm_lineage_181,True,
comm_lineage_182,True,
comm_lineage_183,True,
comm_lineage_184,True,
comm_lineage_185,True,
comm_lineage_186,True,
comm_lineage_187,True,
comm_lineage_188,True,
comm_lineage_189,True,
comm_lineage_190,True,
comm_lineage_191,True,
comm_lineage_192,True,
comm_lineage_193,True,
comm_lineage_194,True,
comm_lineage_195,True,
comm_lineage_196,True,
comm_lineage_197,True,
comm_lineage_198,True,
comm_lineage_199,True,
comm_lineage_200,True,
comm_lineage_201,True,
comm_lineage_202,True,
comm_lineage_203,True,
comm_lineage_204,True,
comm_lineage_205,True,
comm_lineage_206,True,
comm_lineage_207,True,
comm_lineage_208,True,
comm_lineage_209,True,
comm_lineage_210,True,
comm_lineage_211,True,
comm_lineage_212,True,
comm_lineage_213,True,
comm_lineage_214,True,
comm_lineage_215,True,
comm_lineage_216,True,
comm_lineage_217,True,
comm_lineage_218,True,
comm_lineage_219,True,
comm_lineage_220,True,
comm_lineage_221,True,
comm_lineage_222,True,
comm_lineage_223,True,
comm_lineage_224,True,
comm_lineage_225,True,
comm_lineage_226,True,
comm_lineage_227,True,
comm_lineage_228,True,
comm_lineage_229,True,
comm_lineage_230,True,
comm_lineage_231,True,
comm_lineage_232,True,
comm_lineage_233,True,
comm_lineage_234,True,
comm_lineage_235,True,
comm_lineage_236,True,
comm_lineage_237,True,
comm_lineage_238,True,
comm_lineage_239,True,
comm_lineage_240,True,
comm_lineage_241,True,
comm_lineage_242,True,
comm_lineage_243,True,
comm_lineage_244,True,
comm_lineage_245,True,
comm_lineage_246,True,
comm_lineage_247,True,
comm_lineage_248,True,
comm_lineage_249,True,
comm_lineage_250,True,
comm_lineage_251,True,
comm_lineage_252,True,
comm_lineage_253,True,
comm_lineage_254,True,
comm_lineage_255,True,
comm_lineage_256,True,
comm_lineage_257,True,
comm_lineage_258,True,
comm_lineage_259,True,
comm_lineage_260,True,
comm_lineage_261,True,
comm_lineage_262,True,
comm_lineage_263,True,
comm_lineage_264,True,
comm_lineage_265,True,
comm_lineage_266,True,
comm_lineage_267,True,
comm_lineage_268,True,
comm_lineage_269,True,
comm_lineage_270,True,
comm_lineage_271,True,
comm_lineage_272,True,
comm_lineage_273,True,
comm_lineage_274,True,
comm_lineage_275,True,
comm_lineage_276,True,
comm_lineage_277,True,
comm_lineage_278,True,
comm_lineage_279,True,
comm_lineage_280,True,
comm_lineage_281,True,
comm_lineage_282,True,
comm_lineage_283,True,
comm_lineage_284,True,
comm_lineage_285,True,
comm_lineage_286,True,
comm_lineage_287,True,
comm_lineage_288,True,
comm_lineage_289,True,
comm_lineage_290,True,
comm_lineage_291,True,
comm_lineage_292,True,
comm_lineage_293,True,
comm_lineage_294,True,
comm_lineage_295,True,
comm_lineage_296,True,
comm_lineage_297,True,
comm_lineage_298,True,
comm_lineage_299,True,
comm_lineage_300,True,
comm_lineage_301,True,
comm_lineage_302,True,
comm_lineage_303,True,
comm_lineage_304,True,
comm_lineage_305,True,
comm_lineage_306,True,
comm_lineage_307,True,
comm_lineage_308,True,
comm_lineage_309,True,
comm_lineage_310,True,
comm_lineage_311,True,
comm_lineage_312,True,
comm_lineage_313,True,
comm_lineage_314,True,
comm_lineage_315,True,
comm_lineage_316,True,
comm_lineage_317,True,
comm_lineage_318,True,
comm_lineage_319,True,
comm_lineage_535,True,
comm_lineage_536,True,
comm_lineage_537,True,
comm_lineage_538,True,
comm_lineage_539,True,
comm_lineage_540,True,
comm_lineage_541,True,
comm_lineage_542,True,
comm_lineage_543,True,
comm_lineage_544,True,
comm_lineage_545,True,
comm_lineage_546,True,
comm_lineage_547,True,
comm_lineage_548,True,
comm_lineage_549,True,
comm_lineage_550,True,
comm_lineage_551,True,
comm_lineage_552,True,
comm_lineage_553,True,
comm_lineage_554,True,
comm_lineage_555,True,
comm_lineage_556,True,
comm_lineage_557,True,
comm_lineage_558,True,
comm_lineage_559,True,
comm_lineage_560,True,
comm_lineage_561,True,
comm_lineage_562,True,
comm_lineage_563,True,
comm_lineage_564,True,
comm_lineage_565,True,
comm_lineage_566,True,
comm_lineage_567,True,
comm_lineage_568,True,
comm_lineage_569,True,
comm_lineage_570,True,
comm_lineage_571,True,
comm_lineage_572,True,
comm_lineage_573,True,
comm_lineage_574,True,
comm_lineage_575,True,
comm_lineage_576,True,
comm_lineage_577,True,
comm_lineage_578,True,
comm_lineage_579,True,
comm_lineage_580,True,
comm_lineage_581,True,
comm_lineage_582,True,
comm_lineage_583,True,
comm_lineage_584,True,
comm_lineage_585,True,
comm_lineage_586,True,
comm_lineage_587,True,
comm_lineage_588,True,
comm_lineage_589,True,
comm_lineage_590,True,
comm_lineage_591,True,
comm_lineage_592,True,
comm_lineage_593,True,
comm_lineage_594,True,
comm_lineage_595,True,
comm_lineage_596,True,
comm_lineage_597,True,
comm_lineage_598,True,
comm_lineage_599,True,
comm_lineage_600,True,
comm_lineage_601,True,
comm_lineage_602,True,
comm_lineage_603,True,
comm_lineage_604,True,
comm_lineage_605,True,
comm_lineage_606,True,
comm_lineage_607,True,
comm_lineage_608,True,
comm_lineage_609,True,
comm_lineage_610,True,
comm_lineage_611,True,
comm_lineage_612,True,
comm_lineage_613,True,
comm_lineage_614,True,
comm_lineage_615,True,
comm_lineage_616,True,
comm_lineage_617,True,
comm_lineage_618,True,
comm_lineage_619,True,
comm_lineage_620,True,
comm_lineage_621,True,
comm_lineage_622,True,
comm_lineage_623,True,
comm_lineage_624,True,
comm_lineage_625,True,
comm_lineage_626,True,
comm_lineage_627,True,
comm_lineage_628,True,
comm_lineage_629,True,
comm_lineage_630,True,
comm_lineage_631,True,
comm_lineage_632,True,
comm_lineage_633,True,
comm_lineage_634,True,
comm_lineage_635,True,
comm_lineage_636,True,
comm_lineage_637,True,
comm_lineage_638,True,
comm_lineage_639,True,
comm_lineage_640,True,
comm_lineage_641,True,
comm_lineage_642,True,
comm_lineage_643,True,
comm_lineage_644,True,
comm_lineage_645,True,
comm_lineage_646,True,
comm_lineage_647,True,
comm_lineage_648,True,
comm_lineage_649,True,
comm_lineage_650,True,
comm_lineage_651,True,
comm_lineage_652,True,
comm_lineage_653,True,
comm_lineage_654,True,
comm_lineage_655,True,
comm_lineage_656,True,
comm_lineage_657,True,
comm_lineage_658,True,
comm_lineage_659,True,
comm_lineage_660,True,
comm_lineage_661,True,
comm_lineage_662,True,
comm_lineage_663,True,
comm_lineage_664,True,
comm_lineage_665,True,
comm_lineage_666,True,
comm_lineage_667,True,
comm_lineage_668,True,
comm_lineage_669,True,
comm_lineage_670,True,
comm_lineage_671,True,
comm_lineage_672,True,
comm_lineage_673,True,
comm_lineage_674,True,
comm_lineage_675,True,
comm_lineage_676,True,
comm_lineage_677,True,
comm_lineage_678,True,
comm_lineage_679,True,
comm_lineage_680,True,
comm_lineage_681,True,
comm_lineage_682,True,
comm_lineage_683,True,
comm_lineage_684,True,
comm_lineage_685,True,
comm_lineage_686,True,
comm_lineage_687,True,
comm_lineage_688,True,
comm_lineage_689,True,
comm_lineage_690,True,
comm_lineage_691,True,
comm_lineage_692,True,
comm_lineage_693,True,
comm_lineage_694,True,
comm_lineage_695,True,
comm_lineage_696,True,
comm_lineage_697,True,
comm_lineage_698,True,
comm_lineage_699,True,
comm_lineage_700,True,
comm_lineage_701,True,
comm_lineage_702,True,
comm_lineage_703,True,
comm_lineage_704,True,
comm_lineage_705,True,
comm_lineage_706,True,
comm_lineage_707,True,
comm_lineage_708,True,
comm_lineage_709,True,
comm_lineage_710,True,
comm_lineage_711,True,
comm_lineage_712,True,
comm_lineage_713,True,
comm_lineage_714,True,
comm_lineage_715,True,
comm_lineage_716,True,
comm_lineage_717,True,
comm_lineage_718,True,
comm_lineage_719,True,
comm_lineage_720,True,
comm_lineage_721,True,
comm_lineage_722,True,
comm_lineage_723,True,
comm_lineage_724,True,
comm_lineage_725,True,
comm_lineage_726,True,
comm_lineage_727,True,
comm_lineage_728,True,
comm_lineage_729,True,
comm_lineage_730,True,
comm_lineage_731,True,
comm_lineage_732,True,
comm_lineage_733,True,
comm_lineage_734,True,
comm_lineage_735,True,
comm_lineage_736,True,
comm_lineage_737,True,
comm_lineage_738,True,
comm_lineage_739,True,
comm_lineage_740,True,
comm_lineage_741,True,
comm_lineage_742,True,
comm_lineage_743,True,
comm_lineage_744,True,
comm_lineage_745,True,
comm_lineage_746,True,
comm_lineage_747,True,
comm_lineage_748,True,
comm_lineage_749,True,
comm_lineage_750,True,
comm_lineage_751,True,
comm_lineage_752,True,
comm_lineage_753,True,
comm_lineage_754,True,
comm_lineage_755,True,
comm_lineage_756,True,
comm_lineage_757,True,
comm_lineage_758,True,
comm_lineage_759,True,
comm_lineage_760,True,
comm_lineage_761,True,
comm_lineage_762,True,
comm_lineage_763,True,
comm_lineage_764,True,
comm_lineage_765,True,
comm_lineage_766,True,
comm_lineage_767,True,
comm_lineage_768,True,
comm_lineage_769,True,
comm_lineage_770,True,
comm_lineage_771,True,
comm_lineage_772,True,
comm_lineage_773,True,
comm_lineage_774,True,
comm_lineage_775,True,
comm_lineage_776,True,
comm_lineage_777,True,
comm_lineage_778,True,
comm_lineage_779,True,
comm_lineage_780,True,
comm_lineage_781,True,
comm_lineage_782,True,
comm_lineage_783,True,
comm_lineage_784,True,
comm_lineage_785,True,
comm_lineage_786,True,
comm_lineage_787,True,
comm_lineage_788,True,
comm_lineage_789,True,
comm_lineage_790,True,
comm_lineage_791,True,
comm_lineage_792,True,
comm_lineage_793,True,
comm_lineage_794,True,
comm_lineage_795,True,
comm_lineage_796,True,
comm_lineage_797,True,
comm_lineage_798,True,
comm_lineage_799,True,
comm_lineage_800,True,
comm_lineage_801,True,
comm_lineage_802,True,
comm_lineage_803,True,
comm_lineage_804,True,
comm_lineage_805,True,
comm_lineage_806,True,
comm_lineage_807,True,
comm_lineage_808,True,
comm_lineage_809,True,
comm_lineage_810,True,
comm_lineage_811,True,
comm_lineage_812,True,
comm_lineage_813,True,
comm_lineage_814,True,
comm_lineage_815,True,
comm_lineage_816,True,
comm_lineage_817,True,
comm_lineage_818,True,
comm_lineage_819,True,
comm_lineage_820,True,
comm_lineage_821,True,
comm_lineage_822,True,
comm_lineage_823,True,
comm_lineage_824,True,
comm_lineage_825,True,
comm_lineage_826,True,
comm_lineage_827,True,
comm_lineage_828,True,
comm_lineage_829,True,
comm_lineage_830,True,
comm_lineage_831,True,
comm_lineage_832,True,
comm_lineage_833,True,
comm_lineage_834,True,
comm_lineage_835,True,
comm_lineage_836,True,
comm_lineage_837,True,
comm_lineage_838,True,
comm_lineage_839,True,
comm_lineage_840,True,
comm_lineage_841,True,
comm_lineage_842,True,
comm_lineage_843,True,
comm_lineage_844,True,
comm_lineage_845,True,
comm_lineage_846,True,
comm_lineage_847,True,
comm_lineage_848,True,
comm_lineage_849,True,
comm_lineage_850,True,
comm_lineage_851,True,
comm_lineage_852,True,
comm_lineage_853,True,
comm_lineage_854,True,
comm_lineage_855,True,
comm_lineage_856,True,
comm_lineage_857,True,
comm_lineage_858,True,
comm_lineage_859,True,
comm_lineage_860,True,
comm_lineage_861,True,
comm_lineage_862,True,
comm_lineage_863,True,
comm_lineage_864,True,
comm_lineage_865,True,
comm_lineage_866,True,
comm_lineage_867,True,
comm_lineage_868,True,
comm_lineage_869,True,
comm_lineage_870,True,
comm_lineage_871,True,
comm_lineage_872,True,
comm_lineage_873,True,
comm_lineage_874,True,
comm_lineage_875,True,
comm_lineage_876,True,
comm_lineage_877,True,
comm_lineage_878,True,
comm_lineage_879,True,
comm_lineage_880,True,
comm_lineage_881,True,
comm_lineage_882,True,
comm_lineage_883,True,
comm_lineage_884,True,
comm_lineage_885,True,
comm_lineage_886,True,
comm_lineage_887,True,
comm_lineage_888,True,
comm_lineage_889,True,
comm_lineage_890,True,
comm_lineage_891,True,
comm_lineage_892,True,
comm_lineage_893,True,
comm_lineage_894,True,
comm_lineage_895,True,
comm_lineage_896,True,
comm_lineage_897,True,
comm_lineage_898,True,
comm_lineage_899,True,
comm_lineage_900,True,
comm_lineage_901,True,
comm_lineage_902,True,
comm_lineage_903,True,
comm_lineage_904,True,
comm_lineage_905,True,
comm_lineage_906,True,
comm_lineage_907,True,
comm_lineage_908,True,
comm_lineage_909,True,
comm_lineage_910,True,
comm_lineage_911,True,
comm_lineage_912,True,
comm_lineage_913,True,
comm_lineage_914,True,
comm_lineage_915,True,
comm_lineage_916,True,
comm_lineage_917,True,
comm_lineage_918,True,
comm_lineage_919,True,
comm_lineage_920,True,
comm_lineage_921,True,
comm_lineage_922,True,
comm_lineage_923,True,
comm_lineage_924,True,
comm_lineage_925,True,
comm_lineage_926,True,
comm_lineage_927,True,
comm_lineage_928,True,
comm_lineage_929,True,
comm_lineage_930,True,
comm_lineage_931,True,
comm_lineage_932,True,
comm_lineage_933,True,
comm_lineage_934,True,
comm_lineage_935,True,
comm_lineage_936,True,
comm_lineage_937,True,
comm_lineage_938,True,
comm_lineage_939,True,
comm_lineage_940,True,
comm_lineage_941,True,
comm_lineage_942,True,
comm_lineage_943,True,
comm_lineage_944,True,
comm_lineage_945,True,
comm_lineage_946,True,
comm_lineage_947,True,
comm_lineage_948,True,
comm_lineage_949,True,
comm_lineage_950,True,
comm_lineage_951,True,
comm_lineage_952,True,
comm_lineage_953,True,
comm_lineage_954,True,
comm_lineage_955,True,
comm_lineage_956,True,
comm_lineage_957,True,
comm_lineage_958,True,
comm_lineage_959,True,
comm_lineage_960,True,
comm_lineage_961,True,
comm_lineage_962,True,
comm_lineage_963,True,
comm_lineage_964,True,
comm_lineage_965,True,
comm_lineage_966,True,
comm_lineage_967,True,
comm_lineage_968,True,
comm_lineage_969,True,
comm_lineage_970,True,
comm_lineage_971,True,
comm_lineage_972,True,
comm_lineage_973,True,
comm_lineage_974,True,
comm_lineage_975,True,
comm_lineage_976,True,
comm_lineage_977,True,
comm_lineage_978,True,
comm_lineage_979,True,
comm_lineage_980,True,
comm_lineage_981,True,
comm_lineage_982,True,
comm_lineage_983,True,
comm_lineage_984,True,
comm_lineage_985,True,
comm_lineage_986,True,
comm_lineage_987,True,
comm_lineage_988,True,
comm_lineage_989,True,
comm_lineage_990,True,
comm_lineage_991,True,
comm_lineage_992,True,
comm_lineage_993,True,
comm_lineage_994,True,
comm_lineage_995,True,
comm_lineage_996,True,
comm_lineage_997,True,
comm_lineage_998,True,
comm_lineage_999,True,
comm_lineage_1000,True,
comm_lineage_1001,True,
comm_lineage_1002,True,
comm_lineage_1003,True,
comm_lineage_1004,True,
comm_lineage_1005,True,
comm_lineage_1006,True,
comm_lineage_1007,True,
comm_lineage_1008,True,
comm_lineage_1009,True,
comm_lineage_1010,True,
comm_lineage_1011,True,
comm_lineage_1012,True,
comm_lineage_1013,True,
comm_lineage_1014,True,
comm_lineage_1015,True,
comm_lineage_1016,True,
comm_lineage_1017,True,
comm_lineage_1018,True,
comm_lineage_1019,True,
comm_lineage_1020,True,
comm_lineage_1021,True,
comm_lineage_1022,True,
comm_lineage_1023,True,
comm_lineage_1024,True,
comm_lineage_1025,True,
comm_lineage_1026,True,
comm_lineage_1027,True,
comm_lineage_1028,True,
comm_lineage_1029,True,
comm_lineage_1030,True,
comm_lineage_1031,True,
comm_lineage_1032,True,
comm_lineage_1033,True,
comm_lineage_1034,True,
comm_lineage_1035,True,
comm_lineage_1036,True,
comm_lineage_1037,True,
comm_lineage_1038,True,
comm_lineage_1039,True,
comm_lineage_1040,True,
comm_lineage_1041,True,
comm_lineage_1042,True,
comm_lineage_1043,True,
comm_lineage_1044,True,
comm_lineage_1045,True,
comm_lineage_1046,True,
comm_lineage_1047,True,
comm_lineage_1048,True,
comm_lineage_1049,True,
comm_lineage_1050,True,
comm_lineage_1051,True,
comm_lineage_1052,True,
comm_lineage_1053,True,
comm_lineage_1054,True,
comm_lineage_1055,True,
comm_lineage_1056,True,
comm_lineage_1057,True,
comm_lineage_1058,True,
comm_lineage_1059,True,
comm_lineage_1060,True,
comm_lineage_1061,True,
comm_lineage_1062,True,
comm_lineage_1063,True,
comm_lineage_1064,True,
comm_lineage_1065,True,
comm_lineage_1066,True,
comm_lineage_1067,True,
comm_lineage_1068,True,
comm_lineage_1069,True,
comm_lineage_1070,True,
comm_lineage_1071,True,
comm_lineage_1072,True,
comm_lineage_1073,True,
comm_lineage_1074,True,
comm_lineage_1075,True,
comm_lineage_1076,True,
comm_lineage_1077,True,
comm_lineage_1078,True,
comm_lineage_1079,True,
comm_lineage_1080,True,
comm_lineage_1081,True,
comm_lineage_1082,True,
comm_lineage_1083,True,
comm_lineage_1084,True,
comm_lineage_1085,True,
comm_lineage_1086,True,
comm_lineage_1087,True,
comm_lineage_1088,True,
comm_lineage_1089,True,
comm_lineage_1090,True,
comm_lineage_1091,True,
comm_lineage_1092,True,
comm_lineage_1093,True,
comm_lineage_1094,True,
comm_lineage_1095,True,
comm_lineage_1096,True,
comm_lineage_1097,True,
comm_lineage_1098,True,
comm_lineage_1099,True,
comm_lineage_1100,True,
comm_lineage_1101,True,
comm_lineage_1102,True,
comm_lineage_1103,True,
comm_lineage_1104,True,
comm_lineage_1105,True,
comm_lineage_1106,True,
comm_lineage_1107,True,
comm_lineage_1108,True,
comm_lineage_1109,True,
comm_lineage_1110,True,
comm_lineage_1111,True,
comm_lineage_1112,True,
comm_lineage_1113,True,
comm_lineage_1114,True,
comm_lineage_1115,True,
comm_lineage_1116,True,
comm_lineage_1117,True,
comm_lineage_1118,True,
comm_lineage_1119,True,
comm_lineage_1120,True,
comm_lineage_1121,True,
comm_lineage_1122,True,
comm_lineage_1123,True,
comm_lineage_1124,True,
comm_lineage_1125,True,
comm_lineage_1126,True,
comm_lineage_1127,True,
comm_lineage_1128,True,
comm_lineage_1129,True,
comm_lineage_1130,True,
comm_lineage_1131,True,
comm_lineage_1132,True,
comm_lineage_1133,True,
comm_lineage_1134,True,
comm_lineage_1135,True,
comm_lineage_1136,True,
comm_lineage_1137,True,
comm_lineage_1138,True,
comm_lineage_1139,True,
comm_lineage_1140,True,
comm_lineage_1141,True,
comm_lineage_1142,True,
comm_lineage_1143,True,
comm_lineage_1144,True,
comm_lineage_1145,True,
comm_lineage_1146,True,
comm_lineage_1147,True,
comm_lineage_1148,True,
comm_lineage_1149,True,
comm_lineage_1150,True,
comm_lineage_1151,True,
comm_lineage_1152,True,
comm_lineage_1153,True,
comm_lineage_1154,True,
comm_lineage_1155,True,
comm_lineage_1156,True,
comm_lineage_1157,True,
comm_lineage_1158,True,
comm_lineage_1159,True,
comm_lineage_1160,True,
comm_lineage_1161,True,
comm_lineage_1162,True,
comm_lineage_1163,True,
comm_lineage_1164,True,
comm_lineage_1165,True,
comm_lineage_1166,True,
comm_lineage_1167,True,
comm_lineage_1168,True,
comm_lineage_1169,True,
comm_lineage_1170,True,
comm_lineage_1171,True,
comm_lineage_1172,True,
comm_lineage_1173,True,
comm_lineage_1174,True,
comm_lineage_1175,True,
comm_lineage_1176,True,
comm_lineage_1177,True,
comm_lineage_1178,True,
comm_lineage_1179,True,
comm_lineage_1180,True,
comm_lineage_1181,True,
comm_lineage_1182,True,
comm_lineage_1183,True,
comm_lineage_1184,True,
comm_lineage_1185,True,
comm_lineage_1186,True,
comm_lineage_1187,True,
comm_lineage_1188,True,
comm_lineage_1189,True,
comm_lineage_1190,True,
comm_lineage_1191,True,
comm_lineage_1192,True,
comm_lineage_1193,True,
comm_lineage_1194,True,
comm_lineage_1195,True,
comm_lineage_1196,True,
comm_lineage_1197,True,
comm_lineage_1198,True,
comm_lineage_1199,True,
comm_lineage_1200,True,
comm_lineage_1201,True,
comm_lineage_1202,True,
comm_lineage_1203,True,
comm_lineage_1204,True,
comm_lineage_1205,True,
comm_lineage_1206,True,
comm_lineage_1207,True,
comm_lineage_1208,True,
comm_lineage_1209,True,
comm_lineage_1210,True,
comm_lineage_1211,True,
comm_lineage_1212,True,
comm_lineage_1213,True,
comm_lineage_1214,True,
comm_lineage_1215,True,
comm_lineage_1216,True,
comm_lineage_1217,True,
comm_lineage_1218,True,
comm_lineage_1219,True,
comm_lineage_1220,True,
comm_lineage_1221,True,
comm_lineage_1222,True,
comm_lineage_1223,True,
comm_lineage_1224,True,
comm_lineage_1225,True,
comm_lineage_1226,True,
comm_lineage_1227,True,
comm_lineage_1228,True,
comm_lineage_1229,True,
comm_lineage_1230,True,
comm_lineage_1231,True,
comm_lineage_1232,True,
comm_lineage_1233,True,
comm_lineage_1234,True,
comm_lineage_1235,True,
comm_lineage_1236,True,
comm_lineage_1237,True,
comm_lineage_1238,True,
comm_lineage_1239,True,
comm_lineage_1240,True,
comm_lineage_1241,True,
comm_lineage_1242,True,
comm_lineage_1243,True,
comm_lineage_1244,True,
comm_lineage_1245,True,
comm_lineage_1246,True,
comm_lineage_1247,True,
comm_lineage_1248,True,
comm_lineage_1249,True,
comm_lineage_1250,True,
comm_lineage_1251,True,
comm_lineage_1252,True,
comm_lineage_1253,True,
comm_lineage_1254,True,
comm_lineage_1255,True,
comm_lineage_1256,True,
comm_lineage_1257,True,
comm_lineage_1258,True,
comm_lineage_1259,True,
comm_lineage_1260,True,
comm_lineage_1261,True,
comm_lineage_1262,True,
comm_lineage_1263,True,
comm_lineage_1264,True,
comm_lineage_1265,True,
comm_lineage_1266,True,
comm_lineage_1267,True,
comm_lineage_1268,True,
comm_lineage_1269,True,
comm_lineage_1270,True,
comm_lineage_1271,True,
comm_lineage_1272,True,
comm_lineage_1273,True,
comm_lineage_1274,True,
comm_lineage_1275,True,
comm_lineage_1276,True,
comm_lineage_1277,True,
comm_lineage_1278,True,
comm_lineage_1279,True,
comm_lineage_1280,True,
comm_lineage_1281,True,
comm_lineage_1282,True,
comm_lineage_1283,True,
comm_lineage_1284,True,
comm_lineage_1285,True,
comm_lineage_1286,True,
comm_lineage_1287,True,
comm_lineage_1288,True,
comm_lineage_1289,True,
comm_lineage_1290,True,
comm_lineage_1291,True,
comm_lineage_1292,True,
comm_lineage_1293,True,
comm_lineage_1294,True,
comm_lineage_1295,True,
comm_lineage_1296,True,
comm_lineage_1297,True,
comm_lineage_1298,True,
comm_lineage_1299,True,
comm_lineage_1300,True,
comm_lineage_1301,True,
comm_lineage_1302,True,
comm_lineage_1303,True,
comm_lineage_1304,True,
comm_lineage_1305,True,
comm_lineage_1306,True,
comm_lineage_1307,True,
comm_lineage_1308,True,
comm_lineage_1309,True,
comm_lineage_1310,True,
comm_lineage_1311,True,
comm_lineage_1312,True,
comm_lineage_1313,True,
comm_lineage_1314,True,
comm_lineage_1315,True,
comm_lineage_1316,True,
comm_lineage_1317,True,
comm_lineage_1318,True,
comm_lineage_1319,True,
comm_lineage_1320,True,
comm_lineage_1321,True,
comm_lineage_1322,True,
comm_lineage_1323,True,
comm_lineage_1324,True,
comm_lineage_1325,True,
comm_lineage_1326,True,
comm_lineage_1327,True,
comm_lineage_1328,True,
comm_lineage_1329,True,
comm_lineage_1330,True,
comm_lineage_1331,True,
comm_lineage_1332,True,
comm_lineage_1333,True,
comm_lineage_1334,True,
comm_lineage_1335,True,
comm_lineage_1336,True,
comm_lineage_1337,True,
comm_lineage_1338,True,
comm_lineage_1339,True,
comm_lineage_1340,True,
comm_lineage_1341,True,
comm_lineage_1342,True,
comm_lineage_1343,True,
comm_lineage_1344,True,
comm_lineage_1345,True,
comm_lineage_1346,True,
comm_lineage_1347,True,
comm_lineage_1348,True,
comm_lineage_1349,True,
comm_lineage_1350,True,
comm_lineage_1351,True,
comm_lineage_1352,True,
comm_lineage_1353,True,
comm_lineage_1354,True,
comm_lineage_1355,True,
comm_lineage_1356,True,
comm_lineage_1357,True,
comm_lineage_1358,True,
comm_lineage_1359,True,
comm_lineage_1360,True,
comm_lineage_1361,True,
comm_lineage_1362,True,
comm_lineage_1363,True,
comm_lineage_1364,True,
comm_lineage_1365,True,
comm_lineage_1366,True,
comm_lineage_1367,True,
comm_lineage_1368,True,
comm_lineage_1369,True,
comm_lineage_1370,True,
comm_lineage_1371,True,
comm_lineage_1372,True,
comm_lineage_1373,True,
comm_lineage_1374,True,
comm_lineage_1375,True,
comm_lineage_1376,True,
comm_lineage_1377,True,
comm_lineage_1378,True,
comm_lineage_1379,True,
comm_lineage_1380,True,
comm_lineage_1381,True,
comm_lineage_1382,True,
comm_lineage_1383,True,
comm_lineage_1384,True,
comm_lineage_1385,True,
comm_lineage_1386,True,
comm_lineage_1387,True,
comm_lineage_1388,True,
comm_lineage_1389,True,
comm_lineage_1390,True,
comm_lineage_1391,True,
comm_lineage_1392,True,
comm_lineage_1393,True,
comm_lineage_1394,True,
comm_lineage_1395,True,
comm_lineage_1396,True,
comm_lineage_1397,True,
comm_lineage_1398,True,
comm_lineage_1399,True,
comm_lineage_1400,True,
comm_lineage_1401,True,
comm_lineage_1402,True,
comm_lineage_1403,True,
comm_lineage_1404,True,
comm_lineage_1405,True,
comm_lineage_1406,True,
comm_lineage_1407,True,
comm_lineage_1408,True,
comm_lineage_1409,True,
comm_lineage_1410,True,
comm_lineage_1411,True,
comm_lineage_1412,True,
comm_lineage_1413,True,
comm_lineage_1414,True,
comm_lineage_1415,True,
comm_lineage_1416,True,
comm_lineage_1417,True,
comm_lineage_1418,True,
comm_lineage_1419,True,
comm_lineage_1420,True,
comm_lineage_1421,True,
comm_lineage_1422,True,
comm_lineage_1423,True,
comm_lineage_1424,True,
comm_lineage_1425,True,
comm_lineage_1426,True,
comm_lineage_1427,True,
comm_lineage_1428,True,
comm_lineage_1429,True,
comm_lineage_1430,True,
comm_lineage_1431,True,
comm_lineage_1432,True,
comm_lineage_1433,True,
comm_lineage_1434,True,
comm_lineage_1435,True,
comm_lineage_1436,True,
comm_lineage_1437,True,
comm_lineage_1438,True,
comm_lineage_1439,True,
comm_lineage_1440,True,
comm_lineage_1441,True,
comm_lineage_1442,True,
comm_lineage_1443,True,
comm_lineage_1444,True,
comm_lineage_1445,True,
comm_lineage_1446,True,
comm_lineage_1447,True,
comm_lineage_1448,True,
comm_lineage_1449,True,
comm_lineage_1450,True,
comm_lineage_1451,True,
comm_lineage_1452,True,
comm_lineage_1453,True,
comm_lineage_1454,True,
comm_lineage_1455,True,
comm_lineage_1456,True,
comm_lineage_1457,True,
comm_lineage_1458,True,
comm_lineage_1459,True,
comm_lineage_1460,True,
comm_lineage_1461,True,
comm_lineage_1462,True,
comm_lineage_1463,True,
comm_lineage_1464,True,
comm_lineage_1465,True,
comm_lineage_1466,True,
comm_lineage_1467,True,
comm_lineage_1468,True,
comm_lineage_1469,True,
comm_lineage_1470,True,
comm_lineage_1471,True,
comm_lineage_1472,True,
comm_lineage_1473,True,
comm_lineage_1474,True,
comm_lineage_1475,True,
comm_lineage_1476,True,
comm_lineage_1477,True,
comm_lineage_1478,True,
comm_lineage_1479,True,
comm_lineage_1480,True,
comm_lineage_1481,True,
comm_lineage_1482,True,
comm_lineage_1483,True,
comm_lineage_1484,True,
comm_lineage_1485,True,
comm_lineage_1486,True,
comm_lineage_1487,True,
comm_lineage_1488,True,
comm_lineage_1489,True,
comm_lineage_1490,True,
comm_lineage_1491,True,
comm_lineage_1492,True,
comm_lineage_1493,True,
comm_lineage_1494,True,
comm_lineage_1495,True,
comm_lineage_1496,True,
comm_lineage_1497,True,
comm_lineage_1498,True,
comm_lineage_1499,True,
comm_lineage_1500,True,
comm_lineage_1501,True,
comm_lineage_1502,True,
comm_lineage_1503,True,
comm_lineage_1504,True,
comm_lineage_1505,True,
comm_lineage_1506,True,
comm_lineage_1507,True,
comm_lineage_1508,True,
comm_lineage_1509,True,
comm_lineage_1510,True,
comm_lineage_1511,True,
comm_lineage_1512,True,
comm_lineage_1513,True,
comm_lineage_1514,True,
comm_lineage_1515,True,
comm_lineage_1516,True,
comm_lineage_1517,True,
comm_lineage_1518,True,
comm_lineage_1519,True,
comm_lineage_1520,True,
comm_lineage_1521,True,
comm_lineage_1522,True,
comm_lineage_1523,True,
comm_lineage_1524,True,
comm_lineage_1525,True,
comm_lineage_1526,True,
comm_lineage_1527,True,
comm_lineage_1528,True,
comm_lineage_1529,True,
comm_lineage_1530,True,
comm_lineage_1531,True,
comm_lineage_1532,True,
comm_lineage_1533,True,
comm_lineage_1534,True,
comm_lineage_1535,True,
comm_lineage_1536,True,
comm_lineage_1537,True,
comm_lineage_1538,True,
comm_lineage_1539,True,
comm_lineage_1540,True,
comm_lineage_1541,True,
comm_lineage_1542,True,
comm_lineage_1543,True,
comm_lineage_1544,True,
comm_lineage_1545,True,
comm_lineage_1546,True,
comm_lineage_1547,True,
comm_lineage_1548,True,
comm_lineage_1549,True,
comm_lineage_1550,True,
comm_lineage_1551,True,
comm_lineage_1552,True,
comm_lineage_1553,True,
comm_lineage_1554,True,
comm_lineage_1555,True,
comm_lineage_1556,True,
comm_lineage_1557,True,
comm_lineage_1558,True,
comm_lineage_1559,True,
comm_lineage_1560,True,
comm_lineage_1561,True,
comm_lineage_1562,True,
comm_lineage_1563,True,
comm_lineage_1564,True,
comm_lineage_1565,True,
comm_lineage_1566,True,
comm_lineage_1567,True,
comm_lineage_1568,True,
comm_lineage_1569,True,
comm_lineage_1570,True,
comm_lineage_1571,True,
comm_lineage_1572,True,
comm_lineage_1573,True,
comm_lineage_1574,True,
comm_lineage_1575,True,
comm_lineage_1576,True,
comm_lineage_1577,True,
comm_lineage_1578,True,
comm_lineage_1579,True,
comm_lineage_1580,True,
comm_lineage_1581,True,
comm_lineage_1582,True,
comm_lineage_1583,True,
comm_lineage_1584,True,
comm_lineage_1585,True,
comm_lineage_1586,True,
comm_lineage_1587,True,
comm_lineage_1588,True,
comm_lineage_1589,True,
comm_lineage_1590,True,
comm_lineage_1591,True,
comm_lineage_1592,True,
comm_lineage_1593,True,
comm_lineage_1594,True,
comm_lineage_1595,True,
comm_lineage_1596,True,
comm_lineage_1597,True,
comm_lineage_1598,True,
comm_lineage_1599,True,
comm_lineage_1600,True,
comm_lineage_1601,True,
comm_lineage_1602,True,
comm_lineage_1603,True,
comm_lineage_1604,True,
comm_lineage_1605,True,
comm_lineage_1606,True,
comm_lineage_1607,True,
comm_lineage_1608,True,
comm_lineage_1609,True,
comm_lineage_1610,True,
comm_lineage_1611,True,
comm_lineage_1612,True,
comm_lineage_1613,True,
comm_lineage_1614,True,
comm_lineage_1615,True,
comm_lineage_1616,True,
comm_lineage_1617,True,
comm_lineage_1618,True,
comm_lineage_1619,True,
comm_lineage_1620,True,
comm_lineage_1621,True,
comm_lineage_1622,True,
comm_lineage_1623,True,
comm_lineage_1624,True,
comm_lineage_1625,True,
comm_lineage_1626,True,
comm_lineage_1627,True,
comm_lineage_1628,True,
comm_lineage_1629,True,
comm_lineage_1630,True,
comm_lineage_1631,True,
comm_lineage_1632,True,
comm_lineage_1633,True,
comm_lineage_1634,True,
comm_lineage_1635,True,
comm_lineage_1636,True,
comm_lineage_1637,True,
comm_lineage_1638,True,
comm_lineage_1639,True,
comm_lineage_1640,True,
comm_lineage_1641,True,
comm_lineage_1642,True,
comm_lineage_1643,True,
comm_lineage_1644,True,
comm_lineage_1645,True,
comm_lineage_1646,True,
comm_lineage_1647,True,
comm_lineage_1648,True,
comm_lineage_1649,True,
comm_lineage_1650,True,
comm_lineage_1651,True,
comm_lineage_1652,True,
comm_lineage_1653,True,
comm_lineage_1654,True,
comm_lineage_1655,True,
comm_lineage_1656,True,
comm_lineage_1657,True,
comm_lineage_1658,True,
comm_lineage_1659,True,
comm_lineage_1660,True,
comm_lineage_1661,True,
comm_lineage_1662,True,
comm_lineage_1663,True,
comm_lineage_1664,True,
comm_lineage_1665,True,
comm_lineage_1666,True,
comm_lineage_1667,True,
comm_lineage_1668,True,
comm_lineage_1669,True,
comm_lineage_1670,True,
comm_lineage_1671,True,
comm_lineage_1672,True,
comm_lineage_1673,True,
comm_lineage_1674,True,
comm_lineage_1675,True,
comm_lineage_1676,True,
comm_lineage_1677,True,
comm_lineage_1678,True,
comm_lineage_1679,True,
comm_lineage_1680,True,
comm_lineage_1681,True,
comm_lineage_1682,True,
comm_lineage_1683,True,
comm_lineage_1684,True,
comm_lineage_1685,True,
comm_lineage_1686,True,
comm_lineage_1687,True,
comm_lineage_1688,True,
comm_lineage_1689,True,
comm_lineage_1690,True,
comm_lineage_1691,True,
comm_lineage_1692,True,
comm_lineage_1693,True,
comm_lineage_1694,True,
comm_lineage_1695,True,
comm_lineage_1696,True,
comm_lineage_1697,True,
comm_lineage_1698,True,
comm_lineage_1699,True,
comm_lineage_1700,True,
comm_lineage_1701,True,
comm_lineage_1702,True,
comm_lineage_1703,True,
comm_lineage_1704,True,
comm_lineage_1705,True,
comm_lineage_1706,True,
comm_lineage_1707,True,
comm_lineage_1708,True,
comm_lineage_1709,True,
comm_lineage_1710,True,
comm_lineage_1711,True,
comm_lineage_1712,True,
comm_lineage_1713,True,
comm_lineage_1714,True,
comm_lineage_1715,True,
comm_lineage_1716,True,
comm_lineage_1717,True,
comm_lineage_1718,True,
comm_lineage_1719,True,
comm_lineage_1720,True,
comm_lineage_1721,True,
comm_lineage_1722,True,
comm_lineage_1723,True,
comm_lineage_1724,True,
comm_lineage_1725,True,
comm_lineage_1726,True,
comm_lineage_1727,True,
comm_lineage_1728,True,
comm_lineage_1729,True,
comm_lineage_1730,True,
comm_lineage_1731,True,
comm_lineage_1732,True,
comm_lineage_1733,True,
comm_lineage_1734,True,
comm_lineage_1735,True,
comm_lineage_1736,True,
comm_lineage_1737,True,
comm_lineage_1738,True,
comm_lineage_1739,True,
comm_lineage_1740,True,
comm_lineage_1741,True,
comm_lineage_1742,True,
comm_lineage_1743,True,
comm_lineage_1744,True,
comm_lineage_1745,True,
comm_lineage_1746,True,
comm_lineage_1747,True,
comm_lineage_1748,True,
comm_lineage_1749,True,
comm_lineage_1750,True,
comm_lineage_1751,True,
comm_lineage_1752,True,
comm_lineage_1753,True,
comm_lineage_1754,True,
comm_lineage_1755,True,
comm_lineage_1756,True,
comm_lineage_1757,True,
comm_lineage_1758,True,
comm_lineage_1759,True,
comm_lineage_1760,True,
comm_lineage_1761,True,
comm_lineage_1762,True,
comm_lineage_1763,True,
comm_lineage_1764,True,
comm_lineage_1765,True,
comm_lineage_1766,True,
comm_lineage_1767,True,
comm_lineage_1768,True,
comm_lineage_1769,True,
comm_lineage_1770,True,
comm_lineage_1771,True,
comm_lineage_1772,True,
comm_lineage_1773,True,
comm_lineage_1774,True,
comm_lineage_1775,True,
comm_lineage_1776,True,
comm_lineage_1777,True,
comm_lineage_1778,True,
comm_lineage_1779,True,
comm_lineage_1780,True,
comm_lineage_1781,True,
comm_lineage_1782,True,
comm_lineage_1783,True,
comm_lineage_1784,True,
comm_lineage_1785,True,
comm_lineage_1786,True,
comm_lineage_1787,True,
comm_lineage_1788,True,
comm_lineage_1789,True,
comm_lineage_1790,True,
comm_lineage_1791,True,
comm_lineage_1792,True,
comm_lineage_1793,True,
comm_lineage_1794,True,
comm_lineage_1795,True,
comm_lineage_1796,True,
comm_lineage_1797,True,
comm_lineage_1798,True,
comm_lineage_1799,True,
comm_lineage_1800,True,
comm_lineage_1801,True,
comm_lineage_1802,True,
comm_lineage_1803,True,
comm_lineage_1804,True,
comm_lineage_1805,True,
comm_lineage_1806,True,
comm_lineage_1807,True,
comm_lineage_1808,True,
comm_lineage_1809,True,
comm_lineage_1810,True,
comm_lineage_1811,True,
comm_lineage_1812,True,
comm_lineage_1813,True,
comm_lineage_1814,True,
comm_lineage_1815,True,
comm_lineage_1816,True,
comm_lineage_1817,True,
comm_lineage_1818,True,
comm_lineage_1819,True,
comm_lineage_1820,True,
comm_lineage_1821,True,
comm_lineage_1822,True,
comm_lineage_1823,True,
comm_lineage_1824,True,
comm_lineage_1825,True,
comm_lineage_1826,True,
comm_lineage_1827,True,
comm_lineage_1828,True,
comm_lineage_1829,True,
comm_lineage_1830,True,
comm_lineage_1831,True,
comm_lineage_1832,True,
comm_lineage_1833,True,
comm_lineage_1834,True,
comm_lineage_1835,True,
comm_lineage_1836,True,
comm_lineage_1837,True,
comm_lineage_1838,True,
comm_lineage_1839,True,
comm_lineage_1840,True,
comm_lineage_1841,True,
comm_lineage_1842,True,
comm_lineage_1843,True,
comm_lineage_1844,True,
comm_lineage_1845,True,
comm_lineage_1846,True,
comm_lineage_1847,True,
comm_lineage_1848,True,
comm_lineage_1849,True,
comm_lineage_1850,True,
comm_lineage_1851,True,
comm_lineage_1852,True,
comm_lineage_1853,True,
comm_lineage_1854,True,
comm_lineage_1855,True,
comm_lineage_1856,True,
comm_lineage_1857,True,
comm_lineage_1858,True,
comm_lineage_1859,True,
comm_lineage_1860,True,
comm_lineage_1861,True,
comm_lineage_1862,True,
comm_lineage_1863,True,
comm_lineage_1864,True,
comm_lineage_1865,True,
comm_lineage_1866,True,
comm_lineage_1867,True,
comm_lineage_1868,True,
comm_lineage_1869,True,
comm_lineage_1870,True,
comm_lineage_1871,True,
comm_lineage_1872,True,
comm_lineage_1873,True,
comm_lineage_1874,True,
comm_lineage_1875,True,
comm_lineage_1876,True,
comm_lineage_1877,True,
comm_lineage_1878,True,
comm_lineage_1879,True,
comm_lineage_1880,True,
comm_lineage_1881,True,
comm_lineage_1882,True,
comm_lineage_1883,True,
comm_lineage_1884,True,
comm_lineage_1885,True,
comm_lineage_1886,True,
comm_lineage_1887,True,
comm_lineage_1888,True,
comm_lineage_1889,True,
comm_lineage_1890,True,
comm_lineage_1891,True,
comm_lineage_1892,True,
comm_lineage_1893,True,
comm_lineage_1894,True,
comm_lineage_1895,True,
comm_lineage_1896,True,
comm_lineage_1897,True,
comm_lineage_1898,True,
comm_lineage_1899,True,
comm_lineage_1900,True,
comm_lineage_1901,True,
comm_lineage_1902,True,
comm_lineage_1903,True,
comm_lineage_1904,True,
comm_lineage_1905,True,
comm_lineage_1906,True,
comm_lineage_1907,True,
comm_lineage_1908,True,
comm_lineage_1909,True,
comm_lineage_1910,True,
comm_lineage_1911,True,
comm_lineage_1912,True,
comm_lineage_1913,True,
comm_lineage_1914,True,
comm_lineage_1915,True,
comm_lineage_1916,True,
comm_lineage_1917,True,
comm_lineage_1918,True,
comm_lineage_1919,True,
comm_lineage_1920,True,
comm_lineage_1921,True,
comm_lineage_1922,True,
comm_lineage_1923,True,
comm_lineage_1924,True,
comm_lineage_1925,True,
comm_lineage_1926,True,
comm_lineage_1927,True,
comm_lineage_1928,True,
comm_lineage_1929,True,
comm_lineage_1930,True,
comm_lineage_1931,True,
comm_lineage_1932,True,
comm_lineage_1933,True,
comm_lineage_1934,True,
comm_lineage_1935,True,
comm_lineage_1936,True,
comm_lineage_1937,True,
comm_lineage_1938,True,
comm_lineage_1939,True,
comm_lineage_1940,True,
comm_lineage_1941,True,
comm_lineage_1942,True,
comm_lineage_1943,True,
comm_lineage_1944,True,
comm_lineage_1945,True,
comm_lineage_1946,True,
comm_lineage_1947,True,
comm_lineage_1948,True,
comm_lineage_1949,True,
comm_lineage_1950,True,
comm_lineage_1951,True,
comm_lineage_1952,True,
comm_lineage_1953,True,
comm_lineage_1954,True,
comm_lineage_1955,True,
comm_lineage_1956,True,
comm_lineage_1957,True,
comm_lineage_1958,True,
comm_lineage_1959,True,
comm_lineage_1960,True,
comm_lineage_1961,True,
comm_lineage_1962,True,
comm_lineage_1963,True,
comm_lineage_1964,True,
comm_lineage_1965,True,
comm_lineage_1966,True,
comm_lineage_1967,True,
comm_lineage_1968,True,
comm_lineage_1969,True,
comm_lineage_1970,True,
comm_lineage_1971,True,
comm_lineage_1972,True,
comm_lineage_1973,True,
comm_lineage_1974,True,
comm_lineage_1975,True,
comm_lineage_1976,True,
comm_lineage_1977,True,
comm_lineage_1978,True,
comm_lineage_1979,True,
comm_lineage_1980,True,
comm_lineage_1981,True,
comm_lineage_1982,True,
comm_lineage_1983,True,
comm_lineage_1984,True,
comm_lineage_1985,True,
comm_lineage_1986,True,
comm_lineage_1987,True,
comm_lineage_1988,True,
comm_lineage_1989,True,
comm_lineage_1990,True,
comm_lineage_1991,True,
comm_lineage_1992,True,
comm_lineage_1993,True,
comm_lineage_1994,True,
comm_lineage_1995,True,
comm_lineage_1996,True,
comm_lineage_1997,True,
comm_lineage_1998,True,
comm_lineage_1999,True,
comm_lineage_2000,True,
comm_lineage_2001,True,
comm_lineage_2002,True,
comm_lineage_2003,True,
comm_lineage_2004,True,
comm_lineage_2005,True,
comm_lineage_2006,True,
comm_lineage_2007,True,
comm_lineage_2008,True,
comm_lineage_2009,True,
comm_lineage_2010,True,
comm_lineage_2011,True,
comm_lineage_2012,True,
comm_lineage_2013,True,
comm_lineage_2014,True,
comm_lineage_2015,True,
comm_lineage_2016,True,
comm_lineage_2017,True,
comm_lineage_2018,True,
comm_lineage_2019,True,
comm_lineage_2020,True,
comm_lineage_2021,True,
comm_lineage_2022,True,
comm_lineage_2023,True,
comm_lineage_2024,True,
comm_lineage_2025,True,
comm_lineage_2026,True,
comm_lineage_2027,True,
comm_lineage_2028,True,
comm_lineage_2029,True,
comm_lineage_2030,True,
comm_lineage_2031,True,
comm_lineage_2032,True,
comm_lineage_2033,True,
comm_lineage_2034,True,
comm_lineage_2035,True,
comm_lineage_2036,True,
comm_lineage_2037,True,
comm_lineage_2038,True,
comm_lineage_2039,True,
comm_lineage_2040,True,
comm_lineage_2041,True,
comm_lineage_2042,True,
comm_lineage_2043,True,
comm_lineage_2044,True,
comm_lineage_2045,True,
comm_lineage_2046,True,
comm_lineage_2047,True,
comm_lineage_2048,True,
comm_lineage_2049,True,
comm_lineage_2050,True,
comm_lineage_2051,True,
comm_lineage_2052,True,
comm_lineage_2053,True,
comm_lineage_2054,True,
comm_lineage_2055,True,
comm_lineage_2056,True,
comm_lineage_2057,True,
comm_lineage_2058,True,
comm_lineage_466,True,
comm_lineage_467,True,
comm_lineage_468,True,
comm_lineage_469,True,
comm_lineage_470,True,
comm_lineage_471,True,
comm_lineage_472,True,
comm_lineage_473,True,
comm_lineage_474,True,
comm_lineage_475,True,
comm_lineage_476,True,
comm_lineage_477,True,
comm_lineage_478,True,
comm_lineage_479,True,
comm_lineage_480,True,
comm_lineage_481,True,
comm_lineage_482,True,
comm_lineage_483,True,
comm_lineage_484,True,
comm_lineage_485,True,
comm_lineage_486,True,
comm_lineage_487,True,
comm_lineage_488,True,
comm_lineage_489,True,
comm_lineage_490,True,
comm_lineage_491,True,
comm_lineage_492,True,
comm_lineage_493,True,
comm_lineage_494,True,
comm_lineage_495,True,
comm_lineage_496,True,
comm_lineage_497,True,
comm_lineage_498,True,
comm_lineage_499,True,
comm_lineage_500,True,
comm_lineage_501,True,
comm_lineage_502,True,
comm_lineage_503,True,
comm_lineage_504,True,
comm_lineage_505,True,
comm_lineage_506,True,
comm_lineage_507,True,
comm_lineage_508,True,
comm_lineage_509,True,
comm_lineage_510,True,
comm_lineage_511,True,
comm_lineage_512,True,
comm_lineage_513,True,
comm_lineage_514,True,
comm_lineage_515,True,
comm_lineage_516,True,
comm_lineage_517,True,
comm_lineage_518,True,
comm_lineage_519,True,
comm_lineage_520,True,
comm_lineage_521,True,
comm_lineage_522,True,
comm_lineage_523,True,
comm_lineage_524,True,
comm_lineage_525,True,
comm_lineage_526,True,
comm_lineage_527,True,
comm_lineage_528,True,
comm_lineage_529,True,
comm_lineage_530,True,
comm_lineage_531,True,
comm_lineage_532,True,
comm_lineage_533,True,
comm_lineage_534,True,
comm_lineage_320,True,
comm_lineage_321,True,
comm_lineage_322,True,
comm_lineage_323,True,
comm_lineage_324,True,
comm_lineage_325,True,
comm_lineage_326,True,
comm_lineage_327,True,
comm_lineage_328,True,
comm_lineage_329,True,
comm_lineage_330,True,
comm_lineage_331,True,
comm_lineage_332,True,
comm_lineage_333,True,
comm_lineage_334,True,
comm_lineage_335,True,
comm_lineage_336,True,
comm_lineage_337,True,
comm_lineage_338,True,
comm_lineage_339,True,
comm_lineage_340,True,
comm_lineage_341,True,
comm_lineage_342,True,
comm_lineage_343,True,
comm_lineage_344,True,
comm_lineage_345,True,
comm_lineage_346,True,
comm_lineage_347,True,
comm_lineage_348,True,
comm_lineage_349,True,
comm_lineage_350,True,
comm_lineage_351,True,
comm_lineage_352,True,
comm_lineage_353,True,
comm_lineage_354,True,
comm_lineage_355,True,
comm_lineage_356,True,
comm_lineage_357,True,
comm_lineage_358,True,
comm_lineage_359,True,
comm_lineage_360,True,
comm_lineage_361,True,
comm_lineage_362,True,
comm_lineage_363,True,
comm_lineage_364,True,
comm_lineage_365,True,
comm_lineage_366,True,
comm_lineage_367,True,
comm_lineage_368,True,
comm_lineage_369,True,
comm_lineage_370,True,
comm_lineage_371,True,
comm_lineage_372,True,
comm_lineage_373,True,
comm_lineage_374,True,
comm_lineage_375,True,
comm_lineage_376,True,
comm_lineage_377,True,
comm_lineage_378,True,
comm_lineage_379,True,
comm_lineage_380,True,
comm_lineage_381,True,
comm_lineage_382,True,
comm_lineage_383,True,
comm_lineage_384,True,
comm_lineage_385,True,
comm_lineage_386,True,
comm_lineage_387,True,
comm_lineage_388,True,
comm_lineage_389,True,
comm_lineage_390,True,
comm_lineage_391,True,
comm_lineage_392,True,
comm_lineage_393,True,
comm_lineage_394,True,
comm_lineage_395,True,
comm_lineage_396,True,
comm_lineage_397,True,
comm_lineage_398,True,
comm_lineage_399,True,
comm_lineage_400,True,
comm_lineage_401,True,
comm_lineage_402,True,
comm_lineage_403,True,
comm_lineage_404,True,
comm_lineage_405,True,
comm_lineage_406,True,
comm_lineage_407,True,
comm_lineage_408,True,
comm_lineage_409,True,
comm_lineage_410,True,
comm_lineage_411,True,
comm_lineage_412,True,
comm_lineage_413,True,
comm_lineage_414,True,
comm_lineage_415,True,
comm_lineage_416,True,
comm_lineage_417,True,
comm_lineage_418,True,
comm_lineage_419,True,
comm_lineage_420,True,
comm_lineage_421,True,
comm_lineage_422,True,
comm_lineage_423,True,
comm_lineage_424,True,
comm_lineage_425,True,
comm_lineage_426,True,
comm_lineage_427,True,
comm_lineage_428,True,
comm_lineage_429,True,
comm_lineage_430,True,
comm_lineage_431,True,
comm_lineage_432,True,
comm_lineage_433,True,
comm_lineage_434,True,
comm_lineage_435,True,
comm_lineage_436,True,
comm_lineage_437,True,
comm_lineage_438,True,
comm_lineage_439,True,
comm_lineage_440,True,
comm_lineage_441,True,
comm_lineage_442,True,
comm_lineage_443,True,
comm_lineage_444,True,
comm_lineage_445,True,
comm_lineage_446,True,
comm_lineage_447,True,
comm_lineage_448,True,
comm_lineage_449,True,
comm_lineage_450,True,
comm_lineage_451,True,
comm_lineage_452,True,
comm_lineage_453,True,
comm_lineage_454,True,
comm_lineage_455,True,
comm_lineage_456,True,
comm_lineage_457,True,
comm_lineage_458,True,
comm_lineage_459,True,
comm_lineage_460,True,
comm_lineage_461,True,
comm_lineage_462,True,
comm_lineage_463,True,
comm_lineage_464,True,
comm_lineage_465,True,
unique_local_resource_IDs,True,
no_physical_resource_across_groups,True,
K3-G1-transport_A-01/existing_vs_planned_identity,True,
K3-G1-transport_A-02/existing_vs_planned_identity,True,
K3-G1-transport_A-03/existing_vs_planned_identity,True,
K3-G1-transport_A-04/existing_vs_planned_identity,True,
K3-G1-transport_B-01/existing_vs_planned_identity,True,
K3-G1-transport_B-02/existing_vs_planned_identity,True,
K3-G1-transport_C-01/existing_vs_planned_identity,True,
K3-G1-transport_C-02/existing_vs_planned_identity,True,
K3-G1-battery_A-01/existing_vs_planned_identity,True,
K3-G1-battery_A-02/existing_vs_planned_identity,True,
K3-G1-battery_A-03/existing_vs_planned_identity,True,
K3-G1-battery_A-04/existing_vs_planned_identity,True,
K3-G1-battery_A-05/existing_vs_planned_identity,True,
K3-G1-battery_A-06/existing_vs_planned_identity,True,
K3-G1-battery_B-01/existing_vs_planned_identity,True,
K3-G1-battery_B-02/existing_vs_planned_identity,True,
K3-G1-battery_B-03/existing_vs_planned_identity,True,
K3-G1-battery_B-04/existing_vs_planned_identity,True,
K3-G1-battery_C-01/existing_vs_planned_identity,True,
K3-G1-battery_C-02/existing_vs_planned_identity,True,
K3-G1-battery_C-03/existing_vs_planned_identity,True,
K3-G1-battery_C-04/existing_vs_planned_identity,True,
K3-G1-relay_drone-01/existing_vs_planned_identity,True,
K3-G1-relay_drone-02/existing_vs_planned_identity,True,
K3-G1-relay_energy-01/existing_vs_planned_identity,True,
K3-G1-relay_energy-02/existing_vs_planned_identity,True,
K3-G1-relay_energy-03/existing_vs_planned_identity,True,
K3-G2-transport_C-01/existing_vs_planned_identity,True,
K3-G2-battery_C-01/existing_vs_planned_identity,True,
K3-G3-transport_B-01/existing_vs_planned_identity,True,
K3-G3-transport_B-02/existing_vs_planned_identity,True,
K3-G3-battery_B-01/existing_vs_planned_identity,True,
K3-G3-battery_B-02/existing_vs_planned_identity,True,
K3-G3-relay_drone-01/existing_vs_planned_identity,True,
K3-G3-relay_energy-01/existing_vs_planned_identity,True,
K3-G1/transport_A/catalog_count,True,
K3-G1/transport_B/catalog_count,True,
K3-G1/transport_C/catalog_count,True,
K3-G1/battery_A/catalog_count,True,
K3-G1/battery_B/catalog_count,True,
K3-G1/battery_C/catalog_count,True,
K3-G1/relay_drone/catalog_count,True,
K3-G1/relay_energy/catalog_count,True,
K3-G2/transport_A/catalog_count,True,
K3-G2/transport_B/catalog_count,True,
K3-G2/transport_C/catalog_count,True,
K3-G2/battery_A/catalog_count,True,
K3-G2/battery_B/catalog_count,True,
K3-G2/battery_C/catalog_count,True,
K3-G2/relay_drone/catalog_count,True,
K3-G2/relay_energy/catalog_count,True,
K3-G3/transport_A/catalog_count,True,
K3-G3/transport_B/catalog_count,True,
K3-G3/transport_C/catalog_count,True,
K3-G3/battery_A/catalog_count,True,
K3-G3/battery_B/catalog_count,True,
K3-G3/battery_C/catalog_count,True,
K3-G3/relay_drone/catalog_count,True,
K3-G3/relay_energy/catalog_count,True,
exact_task_resource_interval_coverage,True,
alloc0/known_catalog,True,
alloc0/one_group_and_compatible_type,True,
alloc0/valid_task_interval,True,
alloc0/start_and_ready_include_charge_turnaround,True,"(0.0, 2405.279380363042, (0.0, 2405.279380363042))"
alloc0/return_and_post_return_busy,True,
alloc1/known_catalog,True,
alloc1/one_group_and_compatible_type,True,
alloc1/valid_task_interval,True,
alloc1/start_and_ready_include_charge_turnaround,True,"(0.0, 1250.899502077302, (0.0, 1250.899502077302))"
alloc1/return_and_post_return_busy,True,
alloc2/known_catalog,True,
alloc2/one_group_and_compatible_type,True,
alloc2/valid_task_interval,True,
alloc2/start_and_ready_include_charge_turnaround,True,"(0.0, 2091.77739618304, (0.0, 2091.77739618304))"
alloc2/return_and_post_return_busy,True,
alloc3/known_catalog,True,
alloc3/one_group_and_compatible_type,True,
alloc3/valid_task_interval,True,
alloc3/start_and_ready_include_charge_turnaround,True,"(0.0, 1250.899502077302, (0.0, 1250.899502077302))"
alloc3/return_and_post_return_busy,True,
alloc4/known_catalog,True,
alloc4/one_group_and_compatible_type,True,
alloc4/valid_task_interval,True,
alloc4/start_and_ready_include_charge_turnaround,True,"(1250.899502077302, 2501.799004154604, (1250.899502077302, 2501.799004154604))"
alloc4/return_and_post_return_busy,True,
alloc5/known_catalog,True,
alloc5/one_group_and_compatible_type,True,
alloc5/valid_task_interval,True,
alloc5/start_and_ready_include_charge_turnaround,True,"(1250.899502077302, 3282.6768982603417, (1250.899502077302, 3282.6768982603417))"
alloc5/return_and_post_return_busy,True,
alloc6/known_catalog,True,
alloc6/one_group_and_compatible_type,True,
alloc6/valid_task_interval,True,
alloc6/start_and_ready_include_charge_turnaround,True,"(2109.215609943235, 3721.3293476196745, (2109.215609943235, 3721.3293476196745))"
alloc6/return_and_post_return_busy,True,
alloc7/known_catalog,True,
alloc7/one_group_and_compatible_type,True,
alloc7/valid_task_interval,True,
alloc7/start_and_ready_include_charge_turnaround,True,"(2405.279380363042, 3656.178882440344, (2405.279380363042, 3656.178882440344))"
alloc7/return_and_post_return_busy,True,
alloc8/known_catalog,True,
alloc8/one_group_and_compatible_type,True,
alloc8/valid_task_interval,True,
alloc8/start_and_ready_include_charge_turnaround,True,"(3260.888046441056, 5737.105565344999, (3260.888046441056, 5737.105565344999))"
alloc8/return_and_post_return_busy,True,
alloc9/known_catalog,True,
alloc9/one_group_and_compatible_type,True,
alloc9/valid_task_interval,True,
alloc9/start_and_ready_include_charge_turnaround,True,"(3689.847358127293, 5860.979897535064, (3689.847358127293, 5860.979897535064))"
alloc9/return_and_post_return_busy,True,
alloc10/known_catalog,True,
alloc10/one_group_and_compatible_type,True,
alloc10/valid_task_interval,True,
alloc10/start_and_ready_include_charge_turnaround,True,"(3760.662761989458, 6363.995178832307, (3760.662761989458, 6363.995178832307))"
alloc10/return_and_post_return_busy,True,
alloc11/known_catalog,True,
alloc11/one_group_and_compatible_type,True,
alloc11/valid_task_interval,True,
alloc11/start_and_ready_include_charge_turnaround,True,"(4463.967695364228, 6432.557098511881, (4463.967695364228, 6432.557098511881))"
alloc11/return_and_post_return_busy,True,
alloc12/known_catalog,True,
alloc12/one_group_and_compatible_type,True,
alloc12/valid_task_interval,True,
alloc12/start_and_ready_include_charge_turnaround,True,"(1576.2753989802832, 3632.3160869224953, (1576.2753989802832, 3632.3160869224953))"
alloc12/return_and_post_return_busy,True,
alloc13/known_catalog,True,
alloc13/one_group_and_compatible_type,True,
alloc13/valid_task_interval,True,
alloc13/start_and_ready_include_charge_turnaround,True,"(1636.2753989802832, 3392.9696990787475, (1636.2753989802832, 3392.9696990787475))"
alloc13/return_and_post_return_busy,True,
alloc14/known_catalog,True,
alloc14/one_group_and_compatible_type,True,
alloc14/valid_task_interval,True,
alloc14/start_and_ready_include_charge_turnaround,True,"(3392.9696990787475, 5612.79581843027, (3392.9696990787475, 5612.79581843027))"
alloc14/return_and_post_return_busy,True,
alloc15/known_catalog,True,
alloc15/one_group_and_compatible_type,True,
alloc15/valid_task_interval,True,
alloc15/start_and_ready_include_charge_turnaround,True,"(3898.8373309017697, 5457.279063990531, (3898.8373309017697, 5457.279063990531))"
alloc15/return_and_post_return_busy,True,
alloc16/known_catalog,True,
alloc16/one_group_and_compatible_type,True,
alloc16/valid_task_interval,True,
alloc16/start_and_ready_include_charge_turnaround,True,"(5457.279063990531, 6585.699536225688, (5457.279063990531, 6585.699536225688))"
alloc16/return_and_post_return_busy,True,
alloc17/known_catalog,True,
alloc17/one_group_and_compatible_type,True,
alloc17/valid_task_interval,True,
alloc17/start_and_ready_include_charge_turnaround,True,"(0.0, 2476.88843086402, (0.0, 2476.88843086402))"
alloc17/return_and_post_return_busy,True,
alloc18/known_catalog,True,
alloc18/one_group_and_compatible_type,True,
alloc18/valid_task_interval,True,
alloc18/start_and_ready_include_charge_turnaround,True,"(1561.5538679616764, 4061.9964599201658, (1561.5538679616764, 4061.9964599201658))"
alloc18/return_and_post_return_busy,True,
alloc19/known_catalog,True,
alloc19/one_group_and_compatible_type,True,
alloc19/valid_task_interval,True,
alloc19/start_and_ready_include_charge_turnaround,True,"(2476.88843086402, 4777.945123347221, (2476.88843086402, 4777.945123347221))"
alloc19/return_and_post_return_busy,True,
alloc20/known_catalog,True,
alloc20/one_group_and_compatible_type,True,
alloc20/valid_task_interval,True,
alloc20/start_and_ready_include_charge_turnaround,True,"(4061.9964599201658, 6498.087809524741, (4061.9964599201658, 6498.087809524741))"
alloc20/return_and_post_return_busy,True,
alloc21/known_catalog,True,
alloc21/one_group_and_compatible_type,True,
alloc21/valid_task_interval,True,
alloc21/start_and_ready_include_charge_turnaround,True,"(4777.945123347221, 6523.135647873001, (4777.945123347221, 6523.135647873001))"
alloc21/return_and_post_return_busy,True,
alloc22/known_catalog,True,
alloc22/one_group_and_compatible_type,True,
alloc22/valid_task_interval,True,
alloc22/start_and_ready_include_charge_turnaround,True,"(0.0, 3689.847358127293, (0.0, 3689.847358127293))"
alloc22/return_and_post_return_busy,True,
alloc23/known_catalog,True,
alloc23/one_group_and_compatible_type,True,
alloc23/valid_task_interval,True,
alloc23/start_and_ready_include_charge_turnaround,True,"(0.0, 2121.355027214739, (0.0, 2121.355027214739))"
alloc23/return_and_post_return_busy,True,
alloc24/known_catalog,True,
alloc24/one_group_and_compatible_type,True,
alloc24/valid_task_interval,True,
alloc24/start_and_ready_include_charge_turnaround,True,"(0.0, 3260.888046441056, (0.0, 3260.888046441056))"
alloc24/return_and_post_return_busy,True,
alloc25/known_catalog,True,
alloc25/one_group_and_compatible_type,True,
alloc25/valid_task_interval,True,
alloc25/start_and_ready_include_charge_turnaround,True,"(0.0, 2109.215609943235, (0.0, 2109.215609943235))"
alloc25/return_and_post_return_busy,True,
alloc26/known_catalog,True,
alloc26/one_group_and_compatible_type,True,
alloc26/valid_task_interval,True,
alloc26/start_and_ready_include_charge_turnaround,True,"(1250.899502077302, 3372.254529292041, (1250.899502077302, 3372.254529292041))"
alloc26/return_and_post_return_busy,True,
alloc27/known_catalog,True,
alloc27/one_group_and_compatible_type,True,
alloc27/valid_task_interval,True,
alloc27/start_and_ready_include_charge_turnaround,True,"(1250.899502077302, 4463.967695364228, (1250.899502077302, 4463.967695364228))"
alloc27/return_and_post_return_busy,True,
alloc28/known_catalog,True,
alloc28/one_group_and_compatible_type,True,
alloc28/valid_task_interval,True,
alloc28/start_and_ready_include_charge_turnaround,True,"(2109.215609943235, 4806.458089262729, (2109.215609943235, 4806.458089262729))"
alloc28/return_and_post_return_busy,True,
alloc29/known_catalog,True,
alloc29/one_group_and_compatible_type,True,
alloc29/valid_task_interval,True,
alloc29/start_and_ready_include_charge_turnaround,True,"(2405.279380363042, 4526.634407577781, (2405.279380363042, 4526.634407577781))"
alloc29/return_and_post_return_busy,True,
alloc30/known_catalog,True,
alloc30/one_group_and_compatible_type,True,
alloc30/valid_task_interval,True,
alloc30/start_and_ready_include_charge_turnaround,True,"(3260.888046441056, 7143.346276432298, (3260.888046441056, 7143.346276432298))"
alloc30/return_and_post_return_busy,True,
alloc31/known_catalog,True,
alloc31/one_group_and_compatible_type,True,
alloc31/valid_task_interval,True,
alloc31/start_and_ready_include_charge_turnaround,True,"(3689.847358127293, 7316.749704725784, (3689.847358127293, 7316.749704725784))"
alloc31/return_and_post_return_busy,True,
alloc32/known_catalog,True,
alloc32/one_group_and_compatible_type,True,
alloc32/valid_task_interval,True,
alloc32/start_and_ready_include_charge_turnaround,True,"(3760.662761989458, 7816.525071444816, (3760.662761989458, 7816.525071444816))"
alloc32/return_and_post_return_busy,True,
alloc33/known_catalog,True,
alloc33/one_group_and_compatible_type,True,
alloc33/valid_task_interval,True,
alloc33/start_and_ready_include_charge_turnaround,True,"(4463.967695364228, 7671.446613088383, (4463.967695364228, 7671.446613088383))"
alloc33/return_and_post_return_busy,True,
alloc34/known_catalog,True,
alloc34/one_group_and_compatible_type,True,
alloc34/valid_task_interval,True,
alloc34/start_and_ready_include_charge_turnaround,True,"(1576.2753989802832, 5339.661191434921, (1576.2753989802832, 5339.661191434921))"
alloc34/return_and_post_return_busy,True,
alloc35/known_catalog,True,
alloc35/one_group_and_compatible_type,True,
alloc35/valid_task_interval,True,
alloc35/start_and_ready_include_charge_turnaround,True,"(1636.2753989802832, 5303.369188338792, (1636.2753989802832, 5303.369188338792))"
alloc35/return_and_post_return_busy,True,
alloc36/known_catalog,True,
alloc36/one_group_and_compatible_type,True,
alloc36/valid_task_interval,True,
alloc36/start_and_ready_include_charge_turnaround,True,"(3392.9696990787475, 7545.0639646746085, (3392.9696990787475, 7545.0639646746085))"
alloc36/return_and_post_return_busy,True,
alloc37/known_catalog,True,
alloc37/one_group_and_compatible_type,True,
alloc37/valid_task_interval,True,
alloc37/start_and_ready_include_charge_turnaround,True,"(3898.8373309017697, 7032.313682241871, (3898.8373309017697, 7032.313682241871))"
alloc37/return_and_post_return_busy,True,
alloc38/known_catalog,True,
alloc38/one_group_and_compatible_type,True,
alloc38/valid_task_interval,True,
alloc38/start_and_ready_include_charge_turnaround,True,"(5457.279063990531, 7696.844816142158, (5457.279063990531, 7696.844816142158))"
alloc38/return_and_post_return_busy,True,
alloc39/known_catalog,True,
alloc39/one_group_and_compatible_type,True,
alloc39/valid_task_interval,True,
alloc39/start_and_ready_include_charge_turnaround,True,"(0.0, 4738.6806285803905, (0.0, 4738.6806285803905))"
alloc39/return_and_post_return_busy,True,
alloc40/known_catalog,True,
alloc40/one_group_and_compatible_type,True,
alloc40/valid_task_interval,True,
alloc40/start_and_ready_include_charge_turnaround,True,"(1561.5538679616764, 6548.087008835842, (1561.5538679616764, 6548.087008835842))"
alloc40/return_and_post_return_busy,True,
alloc41/known_catalog,True,
alloc41/one_group_and_compatible_type,True,
alloc41/valid_task_interval,True,
alloc41/start_and_ready_include_charge_turnaround,True,"(2476.88843086402, 7277.69754513459, (2476.88843086402, 7277.69754513459))"
alloc41/return_and_post_return_busy,True,
alloc42/known_catalog,True,
alloc42/one_group_and_compatible_type,True,
alloc42/valid_task_interval,True,
alloc42/start_and_ready_include_charge_turnaround,True,"(4061.9964599201658, 8996.90477971226, (4061.9964599201658, 8996.90477971226))"
alloc42/return_and_post_return_busy,True,
alloc43/known_catalog,True,
alloc43/one_group_and_compatible_type,True,
alloc43/valid_task_interval,True,
alloc43/start_and_ready_include_charge_turnaround,True,"(4777.945123347221, 8416.882598950007, (4777.945123347221, 8416.882598950007))"
alloc43/return_and_post_return_busy,True,
alloc44/known_catalog,True,
alloc44/one_group_and_compatible_type,True,
alloc44/valid_task_interval,True,
alloc44/start_and_ready_include_charge_turnaround,True,"(225.70240655854286, 3957.973575623626, (225.70240655854286, 3957.973575623626))"
alloc44/return_and_post_return_busy,True,
alloc45/known_catalog,True,
alloc45/one_group_and_compatible_type,True,
alloc45/valid_task_interval,True,
alloc45/start_and_ready_include_charge_turnaround,True,"(1795.193956745763, 6936.184296262294, (1795.193956745763, 6936.184296262294))"
alloc45/return_and_post_return_busy,True,
alloc46/known_catalog,True,
alloc46/one_group_and_compatible_type,True,
alloc46/valid_task_interval,True,
alloc46/start_and_ready_include_charge_turnaround,True,"(4019.8737214694556, 6769.118377653101, (4019.8737214694556, 6769.118377653101))"
alloc46/return_and_post_return_busy,True,
alloc47/known_catalog,True,
alloc47/one_group_and_compatible_type,True,
alloc47/valid_task_interval,True,
alloc47/start_and_ready_include_charge_turnaround,True,"(225.70240655854286, 4548.546090916596, (225.70240655854286, 4548.546090916596))"
alloc47/return_and_post_return_busy,True,
alloc48/known_catalog,True,
alloc48/one_group_and_compatible_type,True,
alloc48/valid_task_interval,True,
alloc48/start_and_ready_include_charge_turnaround,True,"(1795.193956745763, 7710.294968722634, (1795.193956745763, 7710.294968722634))"
alloc48/return_and_post_return_busy,True,
alloc49/known_catalog,True,
alloc49/one_group_and_compatible_type,True,
alloc49/valid_task_interval,True,
alloc49/start_and_ready_include_charge_turnaround,True,"(4019.8737214694556, 7236.652809344, (4019.8737214694556, 7236.652809344))"
alloc49/return_and_post_return_busy,True,
alloc50/known_catalog,True,
alloc50/one_group_and_compatible_type,True,
alloc50/valid_task_interval,True,
alloc50/start_and_ready_include_charge_turnaround,True,"(0.0, 1561.5538679616764, (0.0, 1561.5538679616764))"
alloc50/return_and_post_return_busy,True,
alloc51/known_catalog,True,
alloc51/one_group_and_compatible_type,True,
alloc51/valid_task_interval,True,
alloc51/start_and_ready_include_charge_turnaround,True,"(0.0, 3098.5089147087447, (0.0, 3098.5089147087447))"
alloc51/return_and_post_return_busy,True,
alloc52/known_catalog,True,
alloc52/one_group_and_compatible_type,True,
alloc52/valid_task_interval,True,
alloc52/start_and_ready_include_charge_turnaround,True,"(0.0, 1576.2753989802832, (0.0, 1576.2753989802832))"
alloc52/return_and_post_return_busy,True,
alloc53/known_catalog,True,
alloc53/one_group_and_compatible_type,True,
alloc53/valid_task_interval,True,
alloc53/start_and_ready_include_charge_turnaround,True,"(0.0, 1636.2753989802832, (0.0, 1636.2753989802832))"
alloc53/return_and_post_return_busy,True,
alloc54/known_catalog,True,
alloc54/one_group_and_compatible_type,True,
alloc54/valid_task_interval,True,
alloc54/start_and_ready_include_charge_turnaround,True,"(0.0, 2960.75605363253, (0.0, 2960.7560536325295))"
alloc54/return_and_post_return_busy,True,
alloc55/known_catalog,True,
alloc55/one_group_and_compatible_type,True,
alloc55/valid_task_interval,True,
alloc55/start_and_ready_include_charge_turnaround,True,"(0.0, 3074.285293757934, (0.0, 3074.2852937579337))"
alloc55/return_and_post_return_busy,True,
alloc56/known_catalog,True,
alloc56/one_group_and_compatible_type,True,
alloc56/valid_task_interval,True,
alloc56/start_and_ready_include_charge_turnaround,True,"(302.05691954528083, 1777.3010159543715, (302.05691954528083, 1777.3010159543715))"
alloc56/return_and_post_return_busy,True,
alloc57/known_catalog,True,
alloc57/one_group_and_compatible_type,True,
alloc57/valid_task_interval,True,
alloc57/start_and_ready_include_charge_turnaround,True,"(302.05691954528083, 2046.1481963975716, (302.05691954528083, 2046.1481963975716))"
alloc57/return_and_post_return_busy,True,
K3-G1-transport_A-04/no_double_booking_Q3-T-001_Q3-T-015,True,0.0
K3-G1-transport_A-04/no_double_booking_Q3-T-015_Q3-T-023,True,807.7888129238845
K3-G1-transport_A-01/no_double_booking_Q3-T-002_Q3-T-009,True,0.0
K3-G1-transport_A-01/no_double_booking_Q3-T-009_Q3-T-017,True,759.0890422864518
K3-G1-transport_A-03/no_double_booking_Q3-T-003_Q3-T-014,True,17.43821376019514
K3-G1-transport_A-03/no_double_booking_Q3-T-014_Q3-T-020,True,39.33341436978344
K3-G1-transport_A-02/no_double_booking_Q3-T-004_Q3-T-010,True,0.0
K3-G1-transport_A-02/no_double_booking_Q3-T-010_Q3-T-019,True,407.1704598669512
K3-G1-transport_B-01/no_double_booking_Q3-T-012_Q3-T-021,True,266.52124397927446
K3-G1-transport_B-01/no_double_booking_Q3-T-021_Q3-T-025,True,0.0
K3-G1-transport_B-02/no_double_booking_Q3-T-013_Q3-T-018,True,0.0
K3-G1-transport_C-01/no_double_booking_Q3-T-008_Q3-T-016,True,0.0
K3-G1-transport_C-01/no_double_booking_Q3-T-016_Q3-T-024,True,0.0
K3-G1-transport_C-02/no_double_booking_Q3-T-011_Q3-T-022,True,0.0
K3-G1-battery_A-04/no_double_booking_Q3-T-001_Q3-T-019,True,0.0
K3-G1-battery_A-02/no_double_booking_Q3-T-002_Q3-T-015,True,283.924353148303
K3-G1-battery_A-03/no_double_booking_Q3-T-003_Q3-T-017,True,0.0
K3-G1-battery_A-01/no_double_booking_Q3-T-004_Q3-T-014,True,0.0
K3-G1-battery_A-05/no_double_booking_Q3-T-009_Q3-T-020,True,388.40823269741713
K3-G1-battery_A-06/no_double_booking_Q3-T-010_Q3-T-023,True,0.0
K3-G1-battery_B-01/no_double_booking_Q3-T-012_Q3-T-025,True,117.61787255560921
K3-G1-battery_C-01/no_double_booking_Q3-T-008_Q3-T-024,True,39.26449476683047
K3-G1-relay_drone-01/no_double_booking_Q3-R-002_Q3-R-004,True,61.900145845829684
no_unoccupied_catalog_resource,True,
K3-G1-transport_A-04/utilization_recalculation,True,
K3-G1-transport_A-01/utilization_recalculation,True,
K3-G1-transport_A-03/utilization_recalculation,True,
K3-G1-transport_A-02/utilization_recalculation,True,
K3-G1-transport_B-01/utilization_recalculation,True,
K3-G1-transport_B-02/utilization_recalculation,True,
K3-G1-transport_C-01/utilization_recalculation,True,
K3-G1-transport_C-02/utilization_recalculation,True,
K3-G1-battery_A-04/utilization_recalculation,True,
K3-G1-battery_A-02/utilization_recalculation,True,
K3-G1-battery_A-03/utilization_recalculation,True,
K3-G1-battery_A-01/utilization_recalculation,True,
K3-G1-battery_A-05/utilization_recalculation,True,
K3-G1-battery_A-06/utilization_recalculation,True,
K3-G1-battery_B-01/utilization_recalculation,True,
K3-G1-battery_B-02/utilization_recalculation,True,
K3-G1-battery_B-03/utilization_recalculation,True,
K3-G1-battery_B-04/utilization_recalculation,True,
K3-G1-battery_C-01/utilization_recalculation,True,
K3-G1-battery_C-02/utilization_recalculation,True,
K3-G1-battery_C-03/utilization_recalculation,True,
K3-G1-battery_C-04/utilization_recalculation,True,
K3-G1-relay_drone-01/utilization_recalculation,True,
K3-G1-relay_drone-02/utilization_recalculation,True,
K3-G1-relay_energy-01/utilization_recalculation,True,
K3-G1-relay_energy-02/utilization_recalculation,True,
K3-G1-relay_energy-03/utilization_recalculation,True,
K3-G2-transport_C-01/utilization_recalculation,True,
K3-G2-battery_C-01/utilization_recalculation,True,
K3-G3-transport_B-01/utilization_recalculation,True,
K3-G3-transport_B-02/utilization_recalculation,True,
K3-G3-battery_B-01/utilization_recalculation,True,
K3-G3-battery_B-02/utilization_recalculation,True,
K3-G3-relay_drone-01/utilization_recalculation,True,
K3-G3-relay_energy-01/utilization_recalculation,True,
peak_certificate_all_groups_and_types,True,
K3-G1/transport_A/peak_matches_chain_cover,True,
K3-G1/transport_A/concurrent_lower_bound_witness,True,
K3-G1/transport_B/peak_matches_chain_cover,True,
K3-G1/transport_B/concurrent_lower_bound_witness,True,
K3-G1/transport_C/peak_matches_chain_cover,True,
K3-G1/transport_C/concurrent_lower_bound_witness,True,
K3-G1/battery_A/peak_matches_chain_cover,True,
K3-G1/battery_A/concurrent_lower_bound_witness,True,
K3-G1/battery_B/peak_matches_chain_cover,True,
K3-G1/battery_B/concurrent_lower_bound_witness,True,
K3-G1/battery_C/peak_matches_chain_cover,True,
K3-G1/battery_C/concurrent_lower_bound_witness,True,
K3-G1/relay_drone/peak_matches_chain_cover,True,
K3-G1/relay_drone/concurrent_lower_bound_witness,True,
K3-G1/relay_energy/peak_matches_chain_cover,True,
K3-G1/relay_energy/concurrent_lower_bound_witness,True,
K3-G2/transport_A/peak_matches_chain_cover,True,
K3-G2/transport_A/zero_no_artificial_witness,True,
K3-G2/transport_B/peak_matches_chain_cover,True,
K3-G2/transport_B/zero_no_artificial_witness,True,
K3-G2/transport_C/peak_matches_chain_cover,True,
K3-G2/transport_C/concurrent_lower_bound_witness,True,
K3-G2/battery_A/peak_matches_chain_cover,True,
K3-G2/battery_A/zero_no_artificial_witness,True,
K3-G2/battery_B/peak_matches_chain_cover,True,
K3-G2/battery_B/zero_no_artificial_witness,True,
K3-G2/battery_C/peak_matches_chain_cover,True,
K3-G2/battery_C/concurrent_lower_bound_witness,True,
K3-G2/relay_drone/peak_matches_chain_cover,True,
K3-G2/relay_drone/zero_no_artificial_witness,True,
K3-G2/relay_energy/peak_matches_chain_cover,True,
K3-G2/relay_energy/zero_no_artificial_witness,True,
K3-G3/transport_A/peak_matches_chain_cover,True,
K3-G3/transport_A/zero_no_artificial_witness,True,
K3-G3/transport_B/peak_matches_chain_cover,True,
K3-G3/transport_B/concurrent_lower_bound_witness,True,
K3-G3/transport_C/peak_matches_chain_cover,True,
K3-G3/transport_C/zero_no_artificial_witness,True,
K3-G3/battery_A/peak_matches_chain_cover,True,
K3-G3/battery_A/zero_no_artificial_witness,True,
K3-G3/battery_B/peak_matches_chain_cover,True,
K3-G3/battery_B/concurrent_lower_bound_witness,True,
K3-G3/battery_C/peak_matches_chain_cover,True,
K3-G3/battery_C/zero_no_artificial_witness,True,
K3-G3/relay_drone/peak_matches_chain_cover,True,
K3-G3/relay_drone/concurrent_lower_bound_witness,True,
K3-G3/relay_energy/peak_matches_chain_cover,True,
K3-G3/relay_energy/concurrent_lower_bound_witness,True,
Q3-T-001/actual_resource_matches_certificate,True,
Q3-T-002/actual_resource_matches_certificate,True,
Q3-T-003/actual_resource_matches_certificate,True,
Q3-T-004/actual_resource_matches_certificate,True,
Q3-T-005/actual_resource_matches_certificate,True,
Q3-T-006/actual_resource_matches_certificate,True,
Q3-T-007/actual_resource_matches_certificate,True,
Q3-T-008/actual_resource_matches_certificate,True,
Q3-T-009/actual_resource_matches_certificate,True,
Q3-T-010/actual_resource_matches_certificate,True,
Q3-T-011/actual_resource_matches_certificate,True,
Q3-T-012/actual_resource_matches_certificate,True,
Q3-T-013/actual_resource_matches_certificate,True,
Q3-T-014/actual_resource_matches_certificate,True,
Q3-T-015/actual_resource_matches_certificate,True,
Q3-T-016/actual_resource_matches_certificate,True,
Q3-T-017/actual_resource_matches_certificate,True,
Q3-T-018/actual_resource_matches_certificate,True,
Q3-T-019/actual_resource_matches_certificate,True,
Q3-T-020/actual_resource_matches_certificate,True,
Q3-T-021/actual_resource_matches_certificate,True,
Q3-T-022/actual_resource_matches_certificate,True,
Q3-T-023/actual_resource_matches_certificate,True,
Q3-T-024/actual_resource_matches_certificate,True,
Q3-T-025/actual_resource_matches_certificate,True,
Q3-R-002@K3-G1/actual_resource_matches_certificate,True,
Q3-R-003@K3-G1/actual_resource_matches_certificate,True,
Q3-R-004@K3-G1/actual_resource_matches_certificate,True,
Q3-R-001@K3-G3/actual_resource_matches_certificate,True,
summary_shortage_units,True,
summary_resource_units,True,
summary_transport_workload_cv,True,
summary_joint_workload_cv,True,
summary_relay_mission_copies,True,
summary_total_energy_kwh,True,
transport_A/inventory_deficit_honest,True,
transport_A/reported_total,True,
transport_A/reported_gap,True,
transport_B/inventory_deficit_honest,True,
transport_B/reported_total,True,
transport_B/reported_gap,True,
transport_C/inventory_deficit_honest,True,
transport_C/reported_total,True,
transport_C/reported_gap,True,
battery_A/inventory_deficit_honest,True,
battery_A/reported_total,True,
battery_A/reported_gap,True,
battery_B/inventory_deficit_honest,True,
battery_B/reported_total,True,
battery_B/reported_gap,True,
battery_C/inventory_deficit_honest,True,
battery_C/reported_total,True,
battery_C/reported_gap,True,
relay_drone/inventory_deficit_honest,True,
relay_drone/reported_total,True,
relay_drone/reported_gap,True,
relay_energy/inventory_deficit_honest,True,
relay_energy/reported_total,True,
relay_energy/reported_gap,True,
existing_stock_feasibility_not_confused_with_required_stock,True,
configured_data_only_allowed_resource_changes,True,
all_independent_physical_checks_pass,True,
total_energy_matches_original_plus_full_copies,True,
joint_end_unchanged,True,
