图号,中文图题,图文件,矢量PDF,数据源,绘图数值,说明
F001,第一问：调度中心与单点往返航线,results/figures/01_dem_routes.png,results/figures/01_dem_routes.pdf,results/q1/route_geometry.csv;data/cleaned/model_inputs.json,paper/figure_data/01_dem_routes.json,当前主方案的诊断视图；不另算一次独立实验
F002,原始全分辨率地形与任务节点,results/figures/q1/q1_00_dem.png,results/figures/q1/q1_00_dem.pdf,data/cleaned/geospatial/dem_clean.tif;data/cleaned/model_inputs.json,paper/figure_data/q1__q1_00_dem.json,当前主方案的诊断视图；不另算一次独立实验
F003,第一问：各机型连续最大安全载荷,results/figures/02_safe_payload.png,results/figures/02_safe_payload.pdf,results/q1/max_safe_payload_matrix.csv,paper/figure_data/02_safe_payload.json,当前主方案的诊断视图；不另算一次独立实验
F004,第一问：各服务区最少往返架次数,results/figures/03_service_sorties.png,results/figures/03_service_sorties.pdf,results/q1/service_summary.csv,paper/figure_data/03_service_sorties.json,当前主方案的诊断视图；柱高由源表聚合
F005,第一问：逐架次往返能耗分解,results/figures/04_energy_components.png,results/figures/04_energy_components.pdf,results/q1/batches_NET.csv,paper/figure_data/04_energy_components.json,当前主方案的诊断视图；不另算一次独立实验
F006,第一问：每一架次返航电量核验,results/figures/05_return_soc.png,results/figures/05_return_soc.pdf,results/q1/batches_NET.csv,paper/figure_data/05_return_soc.json,当前主方案的诊断视图；不另算一次独立实验
F007,第一问：安全余量下的架次数与可行边界,results/figures/06_reserve_sorties.png,results/figures/06_reserve_sorties.pdf,results/q1/reserve_sensitivity.csv,paper/figure_data/06_reserve_sorties.json,各档重新优化；主图仅绘制可行档的整数架次数；状态带显示解析可行边界，不可行档不记为0
F008,第一问：提高返航余量后的总能耗,results/figures/07_reserve_energy.png,results/figures/07_reserve_energy.pdf,results/q1/reserve_sensitivity.csv,paper/figure_data/07_reserve_energy.json,各档重新优化；仅绘制全箱可交付档，不可行档详见源表，不能视为0
F009,第一问：S008安全载荷对余量要求的响应,results/figures/08_limiting_payload_sensitivity.png,results/figures/08_limiting_payload_sensitivity.pdf,results/q1/capacity_sensitivity.csv,paper/figure_data/08_limiting_payload_sensitivity.json,当前主方案的诊断视图；不另算一次独立实验
F010,第一问：整数架次数下的最小能耗权衡,results/figures/09_sortie_energy_frontier.png,results/figures/09_sortie_energy_frontier.pdf,results/q1/flight_energy_frontier.csv,paper/figure_data/09_sortie_energy_frontier.json,包含18至80架次的全部整数精确解；主轴放大18至25架次；只有18和19架次是本数据二维非支配点，非三目标全部帕累托前沿
F011,数据核查：题定节点海拔与DEM像元差异,results/figures/10_node_dem_difference.png,results/figures/10_node_dem_difference.pdf,results/quality/node_dem_comparison.csv,paper/figure_data/10_node_dem_difference.json,当前主方案的诊断视图；柱高由源表聚合
F012,数据核查：全部货箱按服务区分布,results/figures/11_demand_distribution.png,results/figures/11_demand_distribution.pdf,results/q1/service_summary.csv,paper/figure_data/11_demand_distribution.json,当前主方案的诊断视图；柱高由源表聚合
F013,第一问：O01至S001沿线地形与净空,results/figures/q1/terrain_S001.png,results/figures/q1/terrain_S001.pdf,results/q1/route_dem_cells.csv;results/q1/route_geometry.csv,paper/figure_data/q1__terrain_S001.json,当前主方案的诊断视图；不另算一次独立实验
F014,第一问：S001载荷—能量可行边界,results/figures/q1/energy_curve_S001.png,results/figures/q1/energy_curve_S001.pdf,results/closure/energy_curves_S001.csv,paper/figure_data/q1__energy_curve_S001.json,基于明确能耗假设的确定性曲线，不是额外现场实验
F015,第一问：O01至S002沿线地形与净空,results/figures/q1/terrain_S002.png,results/figures/q1/terrain_S002.pdf,results/q1/route_dem_cells.csv;results/q1/route_geometry.csv,paper/figure_data/q1__terrain_S002.json,当前主方案的诊断视图；不另算一次独立实验
F016,第一问：S002载荷—能量可行边界,results/figures/q1/energy_curve_S002.png,results/figures/q1/energy_curve_S002.pdf,results/closure/energy_curves_S002.csv,paper/figure_data/q1__energy_curve_S002.json,基于明确能耗假设的确定性曲线，不是额外现场实验
F017,第一问：O01至S003沿线地形与净空,results/figures/q1/terrain_S003.png,results/figures/q1/terrain_S003.pdf,results/q1/route_dem_cells.csv;results/q1/route_geometry.csv,paper/figure_data/q1__terrain_S003.json,当前主方案的诊断视图；不另算一次独立实验
F018,第一问：S003载荷—能量可行边界,results/figures/q1/energy_curve_S003.png,results/figures/q1/energy_curve_S003.pdf,results/closure/energy_curves_S003.csv,paper/figure_data/q1__energy_curve_S003.json,基于明确能耗假设的确定性曲线，不是额外现场实验
F019,第一问：O01至S004沿线地形与净空,results/figures/q1/terrain_S004.png,results/figures/q1/terrain_S004.pdf,results/q1/route_dem_cells.csv;results/q1/route_geometry.csv,paper/figure_data/q1__terrain_S004.json,当前主方案的诊断视图；不另算一次独立实验
F020,第一问：S004载荷—能量可行边界,results/figures/q1/energy_curve_S004.png,results/figures/q1/energy_curve_S004.pdf,results/closure/energy_curves_S004.csv,paper/figure_data/q1__energy_curve_S004.json,基于明确能耗假设的确定性曲线，不是额外现场实验
F021,第一问：O01至S005沿线地形与净空,results/figures/q1/terrain_S005.png,results/figures/q1/terrain_S005.pdf,results/q1/route_dem_cells.csv;results/q1/route_geometry.csv,paper/figure_data/q1__terrain_S005.json,当前主方案的诊断视图；不另算一次独立实验
F022,第一问：S005载荷—能量可行边界,results/figures/q1/energy_curve_S005.png,results/figures/q1/energy_curve_S005.pdf,results/closure/energy_curves_S005.csv,paper/figure_data/q1__energy_curve_S005.json,基于明确能耗假设的确定性曲线，不是额外现场实验
F023,第一问：O01至S006沿线地形与净空,results/figures/q1/terrain_S006.png,results/figures/q1/terrain_S006.pdf,results/q1/route_dem_cells.csv;results/q1/route_geometry.csv,paper/figure_data/q1__terrain_S006.json,当前主方案的诊断视图；不另算一次独立实验
F024,第一问：S006载荷—能量可行边界,results/figures/q1/energy_curve_S006.png,results/figures/q1/energy_curve_S006.pdf,results/closure/energy_curves_S006.csv,paper/figure_data/q1__energy_curve_S006.json,基于明确能耗假设的确定性曲线，不是额外现场实验
F025,第一问：O01至S007沿线地形与净空,results/figures/q1/terrain_S007.png,results/figures/q1/terrain_S007.pdf,results/q1/route_dem_cells.csv;results/q1/route_geometry.csv,paper/figure_data/q1__terrain_S007.json,当前主方案的诊断视图；不另算一次独立实验
F026,第一问：S007载荷—能量可行边界,results/figures/q1/energy_curve_S007.png,results/figures/q1/energy_curve_S007.pdf,results/closure/energy_curves_S007.csv,paper/figure_data/q1__energy_curve_S007.json,基于明确能耗假设的确定性曲线，不是额外现场实验
F027,第一问：O01至S008沿线地形与净空,results/figures/q1/terrain_S008.png,results/figures/q1/terrain_S008.pdf,results/q1/route_dem_cells.csv;results/q1/route_geometry.csv,paper/figure_data/q1__terrain_S008.json,当前主方案的诊断视图；不另算一次独立实验
F028,第一问：瓶颈区域S008地形剖面,results/figures/12_route_terrain_profile.png,results/figures/12_route_terrain_profile.pdf,results/q1/route_dem_cells.csv;results/q1/route_geometry.csv,paper/figure_data/12_route_terrain_profile.json,当前主方案的诊断视图；不另算一次独立实验
F029,第一问：S008载荷—能量可行边界,results/figures/q1/energy_curve_S008.png,results/figures/q1/energy_curve_S008.pdf,results/closure/energy_curves_S008.csv,paper/figure_data/q1__energy_curve_S008.json,基于明确能耗假设的确定性曲线，不是额外现场实验
F030,第一问：O01至S009沿线地形与净空,results/figures/q1/terrain_S009.png,results/figures/q1/terrain_S009.pdf,results/q1/route_dem_cells.csv;results/q1/route_geometry.csv,paper/figure_data/q1__terrain_S009.json,当前主方案的诊断视图；不另算一次独立实验
F031,第一问：S009载荷—能量可行边界,results/figures/q1/energy_curve_S009.png,results/figures/q1/energy_curve_S009.pdf,results/closure/energy_curves_S009.csv,paper/figure_data/q1__energy_curve_S009.json,基于明确能耗假设的确定性曲线，不是额外现场实验
F032,第一问：O01至S010沿线地形与净空,results/figures/q1/terrain_S010.png,results/figures/q1/terrain_S010.pdf,results/q1/route_dem_cells.csv;results/q1/route_geometry.csv,paper/figure_data/q1__terrain_S010.json,当前主方案的诊断视图；不另算一次独立实验
F033,第一问：S010载荷—能量可行边界,results/figures/q1/energy_curve_S010.png,results/figures/q1/energy_curve_S010.pdf,results/closure/energy_curves_S010.csv,paper/figure_data/q1__energy_curve_S010.json,基于明确能耗假设的确定性曲线，不是额外现场实验
F034,第一问：O01至S011沿线地形与净空,results/figures/q1/terrain_S011.png,results/figures/q1/terrain_S011.pdf,results/q1/route_dem_cells.csv;results/q1/route_geometry.csv,paper/figure_data/q1__terrain_S011.json,当前主方案的诊断视图；不另算一次独立实验
F035,第一问：S011载荷—能量可行边界,results/figures/q1/energy_curve_S011.png,results/figures/q1/energy_curve_S011.pdf,results/closure/energy_curves_S011.csv,paper/figure_data/q1__energy_curve_S011.json,基于明确能耗假设的确定性曲线，不是额外现场实验
F036,第一问：O01至S012沿线地形与净空,results/figures/q1/terrain_S012.png,results/figures/q1/terrain_S012.pdf,results/q1/route_dem_cells.csv;results/q1/route_geometry.csv,paper/figure_data/q1__terrain_S012.json,当前主方案的诊断视图；不另算一次独立实验
F037,第一问：S012载荷—能量可行边界,results/figures/q1/energy_curve_S012.png,results/figures/q1/energy_curve_S012.pdf,results/closure/energy_curves_S012.csv,paper/figure_data/q1__energy_curve_S012.json,基于明确能耗假设的确定性曲线，不是额外现场实验
F038,第一问：O01至S013沿线地形与净空,results/figures/q1/terrain_S013.png,results/figures/q1/terrain_S013.pdf,results/q1/route_dem_cells.csv;results/q1/route_geometry.csv,paper/figure_data/q1__terrain_S013.json,当前主方案的诊断视图；不另算一次独立实验
F039,第一问：S013载荷—能量可行边界,results/figures/q1/energy_curve_S013.png,results/figures/q1/energy_curve_S013.pdf,results/closure/energy_curves_S013.csv,paper/figure_data/q1__energy_curve_S013.json,基于明确能耗假设的确定性曲线，不是额外现场实验
F040,第一问：O01至S014沿线地形与净空,results/figures/q1/terrain_S014.png,results/figures/q1/terrain_S014.pdf,results/q1/route_dem_cells.csv;results/q1/route_geometry.csv,paper/figure_data/q1__terrain_S014.json,当前主方案的诊断视图；不另算一次独立实验
F041,第一问：S014载荷—能量可行边界,results/figures/q1/energy_curve_S014.png,results/figures/q1/energy_curve_S014.pdf,results/closure/energy_curves_S014.csv,paper/figure_data/q1__energy_curve_S014.json,基于明确能耗假设的确定性曲线，不是额外现场实验
F042,第一问：O01至S015沿线地形与净空,results/figures/q1/terrain_S015.png,results/figures/q1/terrain_S015.pdf,results/q1/route_dem_cells.csv;results/q1/route_geometry.csv,paper/figure_data/q1__terrain_S015.json,当前主方案的诊断视图；不另算一次独立实验
F043,第一问：S015载荷—能量可行边界,results/figures/q1/energy_curve_S015.png,results/figures/q1/energy_curve_S015.pdf,results/closure/energy_curves_S015.csv,paper/figure_data/q1__energy_curve_S015.json,基于明确能耗假设的确定性曲线，不是额外现场实验
F044,第一问：A型连续上限与现有整箱可实现载荷,results/figures/q1/payload_A.png,results/figures/q1/payload_A.pdf,results/q1/payload_continuous_discrete.csv,paper/figure_data/q1__payload_A.json,当前主方案的诊断视图；不另算一次独立实验
F045,第一问：B型连续上限与现有整箱可实现载荷,results/figures/q1/payload_B.png,results/figures/q1/payload_B.pdf,results/q1/payload_continuous_discrete.csv,paper/figure_data/q1__payload_B.json,当前主方案的诊断视图；不另算一次独立实验
F046,第一问：S008三机型载荷约束分解,results/figures/q1/payload_C.png,results/figures/q1/payload_C.pdf,results/q1/payload_continuous_discrete.csv,paper/figure_data/q1__payload_C.json,从完整45组数据中选择正文明确讨论的瓶颈服务区S008三组；完整数值保留于表6与源数据
F047,第一问：三种时间口径的组成,results/figures/q1/time_components.png,results/figures/q1/time_components.pdf,results/q1/batches_NET.csv,paper/figure_data/q1__time_components.json,当前主方案的诊断视图；不另算一次独立实验
F048,第一问：能耗分项假设扰动后重新优化,results/figures/q1/energy_assumptions.png,results/figures/q1/energy_assumptions.pdf,results/q1/energy_assumption_sensitivity.csv,paper/figure_data/q1__energy_assumptions.json,当前主方案的诊断视图；柱高由源表聚合
F049,Q2：26架次运输航线与节点,results/figures/q2_01_routes.png,results/figures/q2_01_routes.pdf,results/q2/trips.csv;data/cleaned/model_inputs.json,paper/figure_data/q2_01_routes.json,当前主方案的诊断视图；不另算一次独立实验
F050,Q2：运输无人机占用时序,results/figures/q2_02_drone_gantt.png,results/figures/q2_02_drone_gantt.pdf,results/q2/trips.csv,paper/figure_data/q2_02_drone_gantt.json,当前主方案的诊断视图；不另算一次独立实验
F051,Q2：共享电池任务与充电时序,results/figures/q2_03_battery_gantt.png,results/figures/q2_03_battery_gantt.pdf,results/q2/battery_cycles.csv,paper/figure_data/q2_03_battery_gantt.json,当前主方案的诊断视图；不另算一次独立实验
F052,Q2：医疗及首批保障货箱硬时限,results/figures/q2_04_hard_deadlines.png,results/figures/q2_04_hard_deadlines.pdf,results/q2/box_deliveries.csv,paper/figure_data/q2_04_hard_deadlines.json,当前主方案的诊断视图；不另算一次独立实验
F053,Q2：实算备选方案的时间与能耗,results/figures/q2_06_tradeoff.png,results/figures/q2_06_tradeoff.pdf,results/q2/scenario_comparison.csv,paper/figure_data/q2_06_tradeoff.json,圆点为本问可行备选；叉号为硬时限不合格对照。同坐标标签合并，下游可分区性须另外检查；不是全局帕累托前沿
F054,Q2：逐架次返航安全余量,results/figures/q2_07_return_soc.png,results/figures/q2_07_return_soc.pdf,results/q2/trips.csv,paper/figure_data/q2_07_return_soc.json,当前主方案的诊断视图；不另算一次独立实验
F055,Q2：全部货箱累计交付进度,results/figures/q2_08_delivery_progress.png,results/figures/q2_08_delivery_progress.pdf,results/q2/box_deliveries.csv,paper/figure_data/q2_08_delivery_progress.json,当前主方案的诊断视图；不另算一次独立实验
F056,Q2：A型无人机运输路线,results/figures/q2/routes_model_A.png,results/figures/q2/routes_model_A.pdf,results/q2/trips.csv;data/cleaned/model_inputs.json,paper/figure_data/q2__routes_model_A.json,当前主方案的诊断视图；不另算一次独立实验
F057,Q2：B型无人机运输路线,results/figures/q2/routes_model_B.png,results/figures/q2/routes_model_B.pdf,results/q2/trips.csv;data/cleaned/model_inputs.json,paper/figure_data/q2__routes_model_B.json,当前主方案的诊断视图；不另算一次独立实验
F058,Q2：C型无人机运输路线,results/figures/q2/routes_model_C.png,results/figures/q2/routes_model_C.pdf,results/q2/trips.csv;data/cleaned/model_inputs.json,paper/figure_data/q2__routes_model_C.json,当前主方案的诊断视图；不另算一次独立实验
F059,Q2：各服务区最紧硬时限裕度,results/figures/q2/box_slack.png,results/figures/q2/box_slack.pdf,results/q2/box_deliveries.csv,paper/figure_data/q2__box_slack.json,当前主方案的诊断视图；柱高由源表聚合
F060,Q2：载质量与装载体积利用率,results/figures/q2/load_usage.png,results/figures/q2/load_usage.pdf,results/q2/trips.csv;data/cleaned/model_inputs.json,paper/figure_data/q2__load_usage.json,当前主方案的诊断视图；不另算一次独立实验
F061,Q2：逐航段汇总的运输能耗分项,results/figures/q2/energy_components.png,results/figures/q2/energy_components.pdf,results/q2/legs.csv,paper/figure_data/q2__energy_components.json,当前主方案的诊断视图；不另算一次独立实验
F062,Q2：分机型累计作业与纯飞行时间,results/figures/q2/model_workload.png,results/figures/q2/model_workload.pdf,results/q2/trips.csv,paper/figure_data/q2__model_workload.json,当前主方案的诊断视图；不另算一次独立实验
F063,Q3：25架次运输航线与节点,results/figures/q3/q3_01_routes.png,results/figures/q3/q3_01_routes.pdf,results/q3/trips.csv;data/cleaned/model_inputs.json;results/q3/relay_sorties.csv,paper/figure_data/q3__q3_01_routes.json,当前主方案的诊断视图；不另算一次独立实验
F064,Q3：运输无人机占用时序,results/figures/q3/q3_02_drone_gantt.png,results/figures/q3/q3_02_drone_gantt.pdf,results/q3/trips.csv,paper/figure_data/q3__q3_02_drone_gantt.json,当前主方案的诊断视图；不另算一次独立实验
F065,Q3：共享电池任务与充电时序,results/figures/q3/q3_03_battery_gantt.png,results/figures/q3/q3_03_battery_gantt.pdf,results/q3/battery_cycles.csv,paper/figure_data/q3__q3_03_battery_gantt.json,当前主方案的诊断视图；不另算一次独立实验
F066,Q3：医疗及首批保障货箱硬时限,results/figures/q3/q3_04_hard_deadlines.png,results/figures/q3/q3_04_hard_deadlines.pdf,results/q3/box_deliveries.csv,paper/figure_data/q3__q3_04_hard_deadlines.json,当前主方案的诊断视图；不另算一次独立实验
F067,Q3：实算备选方案的时间与能耗,results/figures/q3/q3_06_tradeoff.png,results/figures/q3/q3_06_tradeoff.pdf,results/q3/scenario_comparison.csv,paper/figure_data/q3__q3_06_tradeoff.json,圆点为本问可行备选；叉号为硬时限不合格对照。同坐标标签合并，下游可分区性须另外检查；不是全局帕累托前沿
F068,Q3：逐架次返航安全余量,results/figures/q3/q3_07_return_soc.png,results/figures/q3/q3_07_return_soc.pdf,results/q3/trips.csv,paper/figure_data/q3__q3_07_return_soc.json,当前主方案的诊断视图；不另算一次独立实验
F069,Q3：全部货箱累计交付进度,results/figures/q3/q3_08_delivery_progress.png,results/figures/q3/q3_08_delivery_progress.pdf,results/q3/box_deliveries.csv,paper/figure_data/q3__q3_08_delivery_progress.json,当前主方案的诊断视图；不另算一次独立实验
F070,Q3：A型无人机运输路线,results/figures/q3/routes_model_A.png,results/figures/q3/routes_model_A.pdf,results/q3/trips.csv;data/cleaned/model_inputs.json,paper/figure_data/q3__routes_model_A.json,当前主方案的诊断视图；不另算一次独立实验
F071,Q3：B型无人机运输路线,results/figures/q3/routes_model_B.png,results/figures/q3/routes_model_B.pdf,results/q3/trips.csv;data/cleaned/model_inputs.json,paper/figure_data/q3__routes_model_B.json,当前主方案的诊断视图；不另算一次独立实验
F072,Q3：C型无人机运输路线,results/figures/q3/routes_model_C.png,results/figures/q3/routes_model_C.pdf,results/q3/trips.csv;data/cleaned/model_inputs.json,paper/figure_data/q3__routes_model_C.json,当前主方案的诊断视图；不另算一次独立实验
F073,Q3：各服务区最紧硬时限裕度,results/figures/q3/box_slack.png,results/figures/q3/box_slack.pdf,results/q3/box_deliveries.csv,paper/figure_data/q3__box_slack.json,当前主方案的诊断视图；柱高由源表聚合
F074,Q3：载质量与装载体积利用率,results/figures/q3/load_usage.png,results/figures/q3/load_usage.pdf,results/q3/trips.csv;data/cleaned/model_inputs.json,paper/figure_data/q3__load_usage.json,当前主方案的诊断视图；不另算一次独立实验
F075,Q3：逐航段汇总的运输能耗分项,results/figures/q3/energy_components.png,results/figures/q3/energy_components.pdf,results/q3/legs.csv,paper/figure_data/q3__energy_components.json,当前主方案的诊断视图；不另算一次独立实验
F076,Q3：分机型累计作业与纯飞行时间,results/figures/q3/model_workload.png,results/figures/q3/model_workload.pdf,results/q3/trips.csv,paper/figure_data/q3__model_workload.json,当前主方案的诊断视图；不另算一次独立实验
F077,第二问：固定搜索预算下的收敛轨迹,results/figures/q2_05_convergence.png,results/figures/q2_05_convergence.pdf,results/q2/multipoint_search_rounds.csv;results/q2/direct_only_search_rounds.csv,paper/figure_data/q2_05_convergence.json,多次轮次为同一次顺序改进，不能当作独立重复试验
F078,第三问：中继无人机任务及周转,results/figures/q3/relay_body_gantt.png,results/figures/q3/relay_body_gantt.pdf,results/q3/relay_sorties.csv,paper/figure_data/q3__relay_body_gantt.json,当前主方案的诊断视图；不另算一次独立实验
F079,第三问：中继能源组件及两阶段充电,results/figures/q3/relay_energy_gantt.png,results/figures/q3/relay_energy_gantt.pdf,results/q3/relay_sorties.csv,paper/figure_data/q3__relay_energy_gantt.json,当前主方案的诊断视图；不另算一次独立实验
F080,第三问：Q3-R-001完整飞行及服务剖面,results/figures/q3/relay_profile_Q3-R-001.png,results/figures/q3/relay_profile_Q3-R-001.pdf,results/q3/relay_sorties.csv;data/cleaned/model_inputs.json,paper/figure_data/q3__relay_profile_Q3-R-001.json,当前主方案的诊断视图；不另算一次独立实验
F081,第三问：Q3-R-002完整飞行及服务剖面,results/figures/q3/relay_profile_Q3-R-002.png,results/figures/q3/relay_profile_Q3-R-002.pdf,results/q3/relay_sorties.csv;data/cleaned/model_inputs.json,paper/figure_data/q3__relay_profile_Q3-R-002.json,当前主方案的诊断视图；不另算一次独立实验
F082,第三问：Q3-R-003完整飞行及服务剖面,results/figures/q3/relay_profile_Q3-R-003.png,results/figures/q3/relay_profile_Q3-R-003.pdf,results/q3/relay_sorties.csv;data/cleaned/model_inputs.json,paper/figure_data/q3__relay_profile_Q3-R-003.json,当前主方案的诊断视图；不另算一次独立实验
F083,第三问：Q3-R-004完整飞行及服务剖面,results/figures/q3/relay_profile_Q3-R-004.png,results/figures/q3/relay_profile_Q3-R-004.pdf,results/q3/relay_sorties.csv;data/cleaned/model_inputs.json,paper/figure_data/q3__relay_profile_Q3-R-004.json,当前主方案的诊断视图；不另算一次独立实验
F084,第三问：Q3-T-001逐阶段高度剖面,results/figures/q3/transport_profile_Q3-T-001.png,results/figures/q3/transport_profile_Q3-T-001.pdf,results/q3/trajectory_phases.csv,paper/figure_data/q3__transport_profile_Q3-T-001.json,不同颜色区分连续阶段；交接为30米作业高度，不在区域地面停留
F085,第三问：Q3-T-002逐阶段高度剖面,results/figures/q3/transport_profile_Q3-T-002.png,results/figures/q3/transport_profile_Q3-T-002.pdf,results/q3/trajectory_phases.csv,paper/figure_data/q3__transport_profile_Q3-T-002.json,不同颜色区分连续阶段；交接为30米作业高度，不在区域地面停留
F086,第三问：Q3-T-003逐阶段高度剖面,results/figures/q3/transport_profile_Q3-T-003.png,results/figures/q3/transport_profile_Q3-T-003.pdf,results/q3/trajectory_phases.csv,paper/figure_data/q3__transport_profile_Q3-T-003.json,不同颜色区分连续阶段；交接为30米作业高度，不在区域地面停留
F087,第三问：Q3-T-004逐阶段高度剖面,results/figures/q3/transport_profile_Q3-T-004.png,results/figures/q3/transport_profile_Q3-T-004.pdf,results/q3/trajectory_phases.csv,paper/figure_data/q3__transport_profile_Q3-T-004.json,不同颜色区分连续阶段；交接为30米作业高度，不在区域地面停留
F088,第三问：Q3-T-005逐阶段高度剖面,results/figures/q3/transport_profile_Q3-T-005.png,results/figures/q3/transport_profile_Q3-T-005.pdf,results/q3/trajectory_phases.csv,paper/figure_data/q3__transport_profile_Q3-T-005.json,不同颜色区分连续阶段；交接为30米作业高度，不在区域地面停留
F089,第三问：Q3-T-006逐阶段高度剖面,results/figures/q3/transport_profile_Q3-T-006.png,results/figures/q3/transport_profile_Q3-T-006.pdf,results/q3/trajectory_phases.csv,paper/figure_data/q3__transport_profile_Q3-T-006.json,不同颜色区分连续阶段；交接为30米作业高度，不在区域地面停留
F090,第三问：Q3-T-007逐阶段高度剖面,results/figures/q3/transport_profile_Q3-T-007.png,results/figures/q3/transport_profile_Q3-T-007.pdf,results/q3/trajectory_phases.csv,paper/figure_data/q3__transport_profile_Q3-T-007.json,不同颜色区分连续阶段；交接为30米作业高度，不在区域地面停留
F091,第三问：Q3-T-008逐阶段高度剖面,results/figures/q3/transport_profile_Q3-T-008.png,results/figures/q3/transport_profile_Q3-T-008.pdf,results/q3/trajectory_phases.csv,paper/figure_data/q3__transport_profile_Q3-T-008.json,不同颜色区分连续阶段；交接为30米作业高度，不在区域地面停留
F092,第三问：Q3-T-009逐阶段高度剖面,results/figures/q3/transport_profile_Q3-T-009.png,results/figures/q3/transport_profile_Q3-T-009.pdf,results/q3/trajectory_phases.csv,paper/figure_data/q3__transport_profile_Q3-T-009.json,不同颜色区分连续阶段；交接为30米作业高度，不在区域地面停留
F093,第三问：Q3-T-010逐阶段高度剖面,results/figures/q3/transport_profile_Q3-T-010.png,results/figures/q3/transport_profile_Q3-T-010.pdf,results/q3/trajectory_phases.csv,paper/figure_data/q3__transport_profile_Q3-T-010.json,不同颜色区分连续阶段；交接为30米作业高度，不在区域地面停留
F094,第三问：Q3-T-011逐阶段高度剖面,results/figures/q3/transport_profile_Q3-T-011.png,results/figures/q3/transport_profile_Q3-T-011.pdf,results/q3/trajectory_phases.csv,paper/figure_data/q3__transport_profile_Q3-T-011.json,不同颜色区分连续阶段；交接为30米作业高度，不在区域地面停留
F095,第三问：Q3-T-012逐阶段高度剖面,results/figures/q3/transport_profile_Q3-T-012.png,results/figures/q3/transport_profile_Q3-T-012.pdf,results/q3/trajectory_phases.csv,paper/figure_data/q3__transport_profile_Q3-T-012.json,不同颜色区分连续阶段；交接为30米作业高度，不在区域地面停留
F096,第三问：Q3-T-013逐阶段高度剖面,results/figures/q3/transport_profile_Q3-T-013.png,results/figures/q3/transport_profile_Q3-T-013.pdf,results/q3/trajectory_phases.csv,paper/figure_data/q3__transport_profile_Q3-T-013.json,不同颜色区分连续阶段；交接为30米作业高度，不在区域地面停留
F097,第三问：Q3-T-014逐阶段高度剖面,results/figures/q3/transport_profile_Q3-T-014.png,results/figures/q3/transport_profile_Q3-T-014.pdf,results/q3/trajectory_phases.csv,paper/figure_data/q3__transport_profile_Q3-T-014.json,不同颜色区分连续阶段；交接为30米作业高度，不在区域地面停留
F098,第三问：Q3-T-015逐阶段高度剖面,results/figures/q3/transport_profile_Q3-T-015.png,results/figures/q3/transport_profile_Q3-T-015.pdf,results/q3/trajectory_phases.csv,paper/figure_data/q3__transport_profile_Q3-T-015.json,不同颜色区分连续阶段；交接为30米作业高度，不在区域地面停留
F099,第三问：Q3-T-016逐阶段高度剖面,results/figures/q3/transport_profile_Q3-T-016.png,results/figures/q3/transport_profile_Q3-T-016.pdf,results/q3/trajectory_phases.csv,paper/figure_data/q3__transport_profile_Q3-T-016.json,不同颜色区分连续阶段；交接为30米作业高度，不在区域地面停留
F100,第三问：Q3-T-017逐阶段高度剖面,results/figures/q3/transport_profile_Q3-T-017.png,results/figures/q3/transport_profile_Q3-T-017.pdf,results/q3/trajectory_phases.csv,paper/figure_data/q3__transport_profile_Q3-T-017.json,不同颜色区分连续阶段；交接为30米作业高度，不在区域地面停留
F101,第三问：Q3-T-018逐阶段高度剖面,results/figures/q3/transport_profile_Q3-T-018.png,results/figures/q3/transport_profile_Q3-T-018.pdf,results/q3/trajectory_phases.csv,paper/figure_data/q3__transport_profile_Q3-T-018.json,不同颜色区分连续阶段；交接为30米作业高度，不在区域地面停留
F102,第三问：Q3-T-019逐阶段高度剖面,results/figures/q3/transport_profile_Q3-T-019.png,results/figures/q3/transport_profile_Q3-T-019.pdf,results/q3/trajectory_phases.csv,paper/figure_data/q3__transport_profile_Q3-T-019.json,不同颜色区分连续阶段；交接为30米作业高度，不在区域地面停留
F103,第三问：Q3-T-020逐阶段高度剖面,results/figures/q3/transport_profile_Q3-T-020.png,results/figures/q3/transport_profile_Q3-T-020.pdf,results/q3/trajectory_phases.csv,paper/figure_data/q3__transport_profile_Q3-T-020.json,不同颜色区分连续阶段；交接为30米作业高度，不在区域地面停留
F104,第三问：Q3-T-021逐阶段高度剖面,results/figures/q3/transport_profile_Q3-T-021.png,results/figures/q3/transport_profile_Q3-T-021.pdf,results/q3/trajectory_phases.csv,paper/figure_data/q3__transport_profile_Q3-T-021.json,不同颜色区分连续阶段；交接为30米作业高度，不在区域地面停留
F105,第三问：Q3-T-022逐阶段高度剖面,results/figures/q3/transport_profile_Q3-T-022.png,results/figures/q3/transport_profile_Q3-T-022.pdf,results/q3/trajectory_phases.csv,paper/figure_data/q3__transport_profile_Q3-T-022.json,不同颜色区分连续阶段；交接为30米作业高度，不在区域地面停留
F106,第三问：Q3-T-023逐阶段高度剖面,results/figures/q3/transport_profile_Q3-T-023.png,results/figures/q3/transport_profile_Q3-T-023.pdf,results/q3/trajectory_phases.csv,paper/figure_data/q3__transport_profile_Q3-T-023.json,不同颜色区分连续阶段；交接为30米作业高度，不在区域地面停留
F107,第三问：Q3-T-024逐阶段高度剖面,results/figures/q3/transport_profile_Q3-T-024.png,results/figures/q3/transport_profile_Q3-T-024.pdf,results/q3/trajectory_phases.csv,paper/figure_data/q3__transport_profile_Q3-T-024.json,不同颜色区分连续阶段；交接为30米作业高度，不在区域地面停留
F108,第三问：Q3-T-025逐阶段高度剖面,results/figures/q3/transport_profile_Q3-T-025.png,results/figures/q3/transport_profile_Q3-T-025.pdf,results/q3/trajectory_phases.csv,paper/figure_data/q3__transport_profile_Q3-T-025.json,不同颜色区分连续阶段；交接为30米作业高度，不在区域地面停留
F109,第三问：直连与中继保障的完整时间区间,results/figures/q3/communication_timeline.png,results/figures/q3/communication_timeline.pdf,results/q3/communication_atoms.csv,paper/figure_data/q3__communication_timeline.json,正长度区间图；孤立边界点由独立表逐点验证，图像分辨率不构成连续性证明
F110,第三问：直连与中继累计保障工作量,results/figures/q3/communication_duration.png,results/figures/q3/communication_duration.pdf,results/q3/communication_atoms.csv,paper/figure_data/q3__communication_duration.json,累计飞行及交接时间，不等于日历持续时间；边界点不重复计时
F111,第三问：已分割区间中点链路裕量分布,results/figures/q3/link_margin_distribution.png,results/figures/q3/link_margin_distribution.pdf,results/q3/communication_atoms.csv,paper/figure_data/q3__link_margin_distribution.json,仅中点分布诊断，不是区间内最低裕量证明，不取代完整区间核验
F112,第三问：额外传播损耗压力测试,results/figures/q3/propagation_loss.png,results/figures/q3/propagation_loss.pdf,results/q3/propagation_loss_sensitivity.csv,paper/figure_data/q3__propagation_loss.json,压力场景不重优化；负裕度或中断表示失败，不能当作正式可行方案
F113,第三问：仅中继延迟的冻结分配测试,results/figures/q3/relay_delay.png,results/figures/q3/relay_delay.pdf,results/q3/relay_only_delay_sensitivity.csv,paper/figure_data/q3__relay_delay.json,压力场景不重优化；负裕度或中断表示失败，不能当作正式可行方案
F114,第三问：全部资源共同延后的时限裕度,results/figures/q3/common_delay.png,results/figures/q3/common_delay.pdf,results/q3/common_start_delay_sensitivity.csv,paper/figure_data/q3__common_delay.json,压力场景不重优化；负裕度或中断表示失败，不能当作正式可行方案
F115,第三问：每次中继任务能耗组成,results/figures/q3/relay_energy_components.png,results/figures/q3/relay_energy_components.pdf,results/q3/relay_sorties.csv,paper/figure_data/q3__relay_energy_components.json,当前主方案的诊断视图；不另算一次独立实验
F116,第三问：中继任务返航剩余电量,results/figures/q3/relay_return_soc.png,results/figures/q3/relay_return_soc.pdf,results/q3/relay_sorties.csv,paper/figure_data/q3__relay_return_soc.json,当前主方案的诊断视图；柱高由源表聚合
F117,第四问：运输与中继依赖合并后的不可拆单元,results/figures/q4/atomic_workload.png,results/figures/q4/atomic_workload.pdf,results/q4/atomic_components.csv,paper/figure_data/q4__atomic_workload.json,当前主方案的诊断视图；柱高由源表聚合
F118,第四问：严格不复制中继的2组分区,results/figures/q4/partition_K2.png,results/figures/q4/partition_K2.pdf,results/q4/K2/groups.csv;data/cleaned/model_inputs.json,paper/figure_data/q4__partition_K2.json,当前主方案的诊断视图；不另算一次独立实验
F119,第四问：2组的运输累计作业时间,results/figures/q4/K2_workload.png,results/figures/q4/K2_workload.pdf,results/q4/K2/groups.csv,paper/figure_data/q4__K2_workload.json,当前主方案的诊断视图；柱高由源表聚合
F120,第四问：2组的货箱数量,results/figures/q4/K2_boxes.png,results/figures/q4/K2_boxes.pdf,results/q4/K2/groups.csv,paper/figure_data/q4__K2_boxes.json,当前主方案的诊断视图；柱高由源表聚合
F121,第四问：2组的运输架次数,results/figures/q4/K2_sorties.png,results/figures/q4/K2_sorties.pdf,results/q4/K2/groups.csv,paper/figure_data/q4__K2_sorties.json,当前主方案的诊断视图；柱高由源表聚合
F122,第四问：2组独立配置需求与原库存,results/figures/q4/K2_inventory.png,results/figures/q4/K2_inventory.pdf,results/q4/summary.json,paper/figure_data/q4__K2_inventory.json,当前主方案的诊断视图；不另算一次独立实验
F123,第四问：2组分类型资源缺口,results/figures/q4/K2_gap.png,results/figures/q4/K2_gap.pdf,results/q4/summary.json,paper/figure_data/q4__K2_gap.json,当前主方案的诊断视图；柱高由源表聚合
F124,第四问：2组独立运输机身占用,results/figures/q4/K2_drones_gantt.png,results/figures/q4/K2_drones_gantt.pdf,results/q4/K2/resource_allocations.csv,paper/figure_data/q4__K2_drones_gantt.json,当前主方案的诊断视图；不另算一次独立实验
F125,第四问：2组独立运输电池占用,results/figures/q4/K2_batteries_gantt.png,results/figures/q4/K2_batteries_gantt.pdf,results/q4/K2/resource_allocations.csv,paper/figure_data/q4__K2_batteries_gantt.json,当前主方案的诊断视图；不另算一次独立实验
F126,第四问：2组独立中继机身占用,results/figures/q4/K2_relay_gantt.png,results/figures/q4/K2_relay_gantt.pdf,results/q4/K2/resource_allocations.csv,paper/figure_data/q4__K2_relay_gantt.json,当前主方案的诊断视图；不另算一次独立实验
F127,第四问：2组独立中继能源组件占用,results/figures/q4/K2_modules_gantt.png,results/figures/q4/K2_modules_gantt.pdf,results/q4/K2/resource_allocations.csv,paper/figure_data/q4__K2_modules_gantt.json,当前主方案的诊断视图；不另算一次独立实验
F128,第四问：严格不复制中继的3组分区,results/figures/q4/partition_K3.png,results/figures/q4/partition_K3.pdf,results/q4/K3/groups.csv;data/cleaned/model_inputs.json,paper/figure_data/q4__partition_K3.json,当前主方案的诊断视图；不另算一次独立实验
F129,第四问：3组的运输累计作业时间,results/figures/q4/K3_workload.png,results/figures/q4/K3_workload.pdf,results/q4/K3/groups.csv,paper/figure_data/q4__K3_workload.json,当前主方案的诊断视图；柱高由源表聚合
F130,第四问：3组的货箱数量,results/figures/q4/K3_boxes.png,results/figures/q4/K3_boxes.pdf,results/q4/K3/groups.csv,paper/figure_data/q4__K3_boxes.json,当前主方案的诊断视图；柱高由源表聚合
F131,第四问：3组的运输架次数,results/figures/q4/K3_sorties.png,results/figures/q4/K3_sorties.pdf,results/q4/K3/groups.csv,paper/figure_data/q4__K3_sorties.json,当前主方案的诊断视图；柱高由源表聚合
F132,第四问：3组独立配置需求与原库存,results/figures/q4/K3_inventory.png,results/figures/q4/K3_inventory.pdf,results/q4/summary.json,paper/figure_data/q4__K3_inventory.json,当前主方案的诊断视图；不另算一次独立实验
F133,第四问：3组分类型资源缺口,results/figures/q4/K3_gap.png,results/figures/q4/K3_gap.pdf,results/q4/summary.json,paper/figure_data/q4__K3_gap.json,当前主方案的诊断视图；柱高由源表聚合
F134,第四问：3组独立运输机身占用,results/figures/q4/K3_drones_gantt.png,results/figures/q4/K3_drones_gantt.pdf,results/q4/K3/resource_allocations.csv,paper/figure_data/q4__K3_drones_gantt.json,当前主方案的诊断视图；不另算一次独立实验
F135,第四问：3组独立运输电池占用,results/figures/q4/K3_batteries_gantt.png,results/figures/q4/K3_batteries_gantt.pdf,results/q4/K3/resource_allocations.csv,paper/figure_data/q4__K3_batteries_gantt.json,当前主方案的诊断视图；不另算一次独立实验
F136,第四问：3组独立中继机身占用,results/figures/q4/K3_relay_gantt.png,results/figures/q4/K3_relay_gantt.pdf,results/q4/K3/resource_allocations.csv,paper/figure_data/q4__K3_relay_gantt.json,当前主方案的诊断视图；不另算一次独立实验
F137,第四问：3组独立中继能源组件占用,results/figures/q4/K3_modules_gantt.png,results/figures/q4/K3_modules_gantt.pdf,results/q4/K3/resource_allocations.csv,paper/figure_data/q4__K3_modules_gantt.json,当前主方案的诊断视图；不另算一次独立实验
F138,第四问：严格可行的全部4个分区比较,results/figures/q4/all_partitions.png,results/figures/q4/all_partitions.pdf,results/q4/all_partitions.csv,paper/figure_data/q4__all_partitions.json,固定最终Q3的严格依赖图全部分区；不同于仅按运输依赖枚举的空间
F139,闭环压力测试：运输能耗扰动与最低返航电量,results/figures/closure/energy_soc.png,results/figures/closure/energy_soc.pdf,results/closure/fixed_energy_sweep.csv,paper/figure_data/closure__energy_soc.json,冻结排程压力试验；仅检验图示扰动维度，不重新优化、不代表随机可靠率
F140,闭环压力测试：运输能耗扰动导致的安全余量违约,results/figures/closure/energy_violations.png,results/figures/closure/energy_violations.pdf,results/closure/fixed_energy_sweep.csv,paper/figure_data/closure__energy_violations.json,冻结排程压力试验；仅检验图示扰动维度，不重新优化、不代表随机可靠率
F141,闭环压力测试：运输能耗扰动导致的电池周转冲突,results/figures/closure/energy_charge_conflicts.png,results/figures/closure/energy_charge_conflicts.pdf,results/closure/fixed_energy_sweep.csv,paper/figure_data/closure__energy_charge_conflicts.json,冻结排程压力试验；仅检验图示扰动维度，不重新优化、不代表随机可靠率
F142,闭环压力测试：充电时间扰动与下一次任务准备裕度,results/figures/closure/charge_slack.png,results/figures/closure/charge_slack.pdf,results/closure/fixed_charging_sweep.csv,paper/figure_data/closure__charge_slack.json,冻结排程压力试验；仅检验图示扰动维度，不重新优化、不代表随机可靠率
F143,闭环压力测试：充电变慢后的资源冲突,results/figures/closure/charge_conflicts.png,results/figures/closure/charge_conflicts.pdf,results/closure/fixed_charging_sweep.csv,paper/figure_data/closure__charge_conflicts.json,冻结排程压力试验；仅检验图示扰动维度，不重新优化、不代表随机可靠率
F144,闭环压力测试：共同延迟对最紧硬时限的影响,results/figures/closure/delay_slack.png,results/figures/closure/delay_slack.pdf,results/closure/common_delay_fine_sweep.csv,paper/figure_data/closure__delay_slack.json,冻结排程压力试验；仅检验图示扰动维度，不重新优化、不代表随机可靠率
F145,闭环压力测试：共同延迟导致的硬时限违约货箱数,results/figures/closure/delay_violations.png,results/figures/closure/delay_violations.pdf,results/closure/common_delay_fine_sweep.csv,paper/figure_data/closure__delay_violations.json,冻结排程压力试验；仅检验图示扰动维度，不重新优化、不代表随机可靠率
F146,闭环压力测试：共同延迟导致的期望送达逾期,results/figures/closure/expected_delay.png,results/figures/closure/expected_delay.pdf,results/closure/common_delay_fine_sweep.csv,paper/figure_data/closure__expected_delay.json,冻结排程压力试验；仅检验图示扰动维度，不重新优化、不代表随机可靠率
F147,闭环筛选：独立Q3候选的严格三分区兼容性,results/figures/closure/candidate_compatibility.png,results/figures/closure/candidate_compatibility.pdf,results/q3/closure_existing_candidates.csv,paper/figure_data/closure__candidate_compatibility.json,圆点支持严格三组；叉号不支持；同坐标标签合并，选择在Q3定稿前完成，不在Q4改排任务
